node	dg	bt	cl	pr	auth	relSESA	consurf	type
1	8	0.025472445010499	0.260782668900562	0.003313917723924	0.144997588939853	0.084347905732798	1.713	Non_thrombosis
2	4	0.004383096393698	0.231801350131022	0.00179382121591	0.04890059713036	0.831449447690891	3.237	Non_thrombosis
3	7	0.005610822346907	0.238478117526509	0.0032243354642	0.250892998409378	0.193362126569861	1.526	Non_thrombosis
4	3	0.001927644487281	0.20989473836683	0.001452211137015	0.031038307230507	0.640557285416175	1.916	Non_thrombosis
5	4	0.003534014893348	0.200209225169069	0.00253929588648	0.046188010451067	0.626411046963217	0.67	Non_thrombosis
6	3	2.2948148658107E-05	0.180025196323589	0.002359911751107	0.011195493907813	0.839497449048143	-0.696	Non_thrombosis
7	2	0	0.182531883171884	0.002070620431477	0.009240942221583	0.751803891365613	-0.128	Thrombosis
8	3	0.006999185340723	0.229119470543739	0.001265888811253	0.020473788214306	0.445924242529606	-0.85	Thrombosis
9	5	0.008158066847957	0.223670978212701	0.002292706906446	0.036530244954175	0.532816293673186	0.661	Non_thrombosis
10	2	0.004497837136989	0.213382394742178	0.001038451357612	0.002629940876123	0.847412546082028	-0.436	Non_thrombosis
11	2	0	0.190470133121823	0.001609333980527	0.002801325951873	1.00734307517416	-0.786	Non_thrombosis
12	5	0.001445733365461	0.216397337704625	0.002923730450588	0.011668177849088	0.42579352936597	-0.764	Non_thrombosis
13	5	0.018415889298131	0.240818994648397	0.002059192015102	0.029009090513046	0.692065722275152	-0.114	Non_thrombosis
14	4	0.001181829655893	0.211930723546963	0.002120193932132	0.013335605630045	0.89286378017221	-0.495	Non_thrombosis
15	4	0.00097529631797	0.212942887811216	0.002261464973165	0.020086004985363	0.781851119920495	-0.271	Non_thrombosis
16	4	0.000195059263594	0.217897534026385	0.002373099638114	0.032166347078198	0.39352137527833	0.312	Thrombosis
17	2	0.003006207474212	0.214401351348245	0.001016338207721	0.010275270690276	0.929183071186027	-0.441	Non_thrombosis
18	6	0.005519029752275	0.221091430533538	0.00296760032856	0.012659796830061	0.697812448313824	-0.329	Non_thrombosis
19	3	8.03185203033745E-05	0.191484765811904	0.0018106540802	0.004993131599646	0.96546824767268	-0.811	Non_thrombosis
20	3	0.001434259291132	0.206156615929862	0.001735957256592	0.003548741215246	0.890655215750123	0.299	Non_thrombosis
21	4	0.004084770461143	0.21616573405952	0.001799499994271	0.022214537442106	0.568212047541484	-0.85	Thrombosis
22	4	0.015834222574094	0.233831014515949	0.001541661259774	0.010144523462997	0.593749384237216	-0.249	Non_thrombosis
23	4	0.006964763117735	0.225426182449458	0.003005516665992	0.010210332961578	0.610521019390844	-0.691	Non_thrombosis
24	1	0	0.157747850281115	0.00143974666262	0.002975944352521	0.861673084334587	-0.83	Thrombosis
25	2	6.8844445974321E-05	0.200621052004056	0.001606602352396	0.003350950385093	0.473287452351591	0.099	Non_thrombosis
26	4	0.00775647424644	0.240305729449115	0.002403563197013	0.005000420473565	0.660320184090454	-0.255	Non_thrombosis
27	1	0	0.186842297037706	0.001121502907046	0.000669173438217	1.07029048894667	1.076	Non_thrombosis
28	3	0.004784688995215	0.228006205788437	0.002076766211515	0.00452210761274	0.899331092070754	0.091	Non_thrombosis
29	4	0.019700985622985	0.26680032836838	0.001850884374629	0.03889076304167	0.844422295820414	0.589	Non_thrombosis
30	3	0	0.252470179177696	0.001628327289551	0.09815246264509	0.751854312811705	3.379	Non_thrombosis
31	3	0	0.248550841748629	0.000944999720035	0.026001844945207	0.414370124718445	1.234	Non_thrombosis
32	2	0.000757288905718	0.196522580661279	0.001401454818885	0.046619348495897	0.939882156701207	-0.84	Thrombosis
33	2	2.2948148658107E-05	0.177050876546862	0.001495002193165	0.038205520735323	0.959579354305495	-0.642	Thrombosis
34	5	0.003924133420536	0.256899311612633	0.00135716707728	0.049794414017315	0.606283154458882	-0.83	Thrombosis
35	8	0.006391059401283	0.265453578547449	0.002711206647732	0.169915537834862	0.074455483019125	-0.838	Non_thrombosis
36	6	0.004073296386814	0.235690062473369	0.003209663068436	0.135545186816326	0.77923755682896	-0.627	Non_thrombosis
37	6	0.004451940839673	0.257734107438959	0.002546128928488	0.082091947599458	0.550920362185232	-0.826	Non_thrombosis
38	10	0.039046274941769	0.295802110388969	0.003464112685743	0.258561177447165	0	-0.855	Thrombosis
39	8	0.023212052367675	0.304467689814773	0.002909902456161	0.187035876480464	0	-0.867	Non_thrombosis
40	6	0.006035363097082	0.271974276459942	0.002194399255128	0.118890380309714	0.748205090164238	0.412	Non_thrombosis
41	5	0.004796163069544	0.279340642593329	0.001657016429194	0.116479453854835	0.130190748646993	-0.866	Thrombosis
42	9	0.037589067501979	0.318782447063921	0.002636768753431	0.241715314597197	0	-0.84	Thrombosis
43	7	0.006723807556825	0.299981437255046	0.002592988257221	0.190803638080822	0.336035697983071	-0.148	Thrombosis
44	10	0.03079641549918	0.304751448103596	0.003560238952068	0.229530755011975	0.464401785190876	0.362	Thrombosis
45	10	0.062923823620529	0.340771000960233	0.002967669480315	0.355404975817253	0.108261039347015	-0.853	Thrombosis
46	7	0.054352690096726	0.33216695115852	0.002161708910498	0.303300267570371	0	-0.839	Non_thrombosis
47	8	0.025644556125435	0.303484793996208	0.00285794911609	0.282205982922916	0.198175202115285	0.083	Non_thrombosis
48	7	0.025323282044221	0.315369635596404	0.00215114105872	0.218232922949399	0.64818456273003	0.91	Non_thrombosis
49	9	0.00206533337923	0.319186517563303	0.003683319488652	0.566723761512089	0.124131210696402	-0.113	Thrombosis
50	12	0.089119135313759	0.342555264221817	0.003457517384089	0.447690598071545	0	-0.413	Thrombosis
51	8	0.03733663786674	0.3068197442648	0.00253486871126	0.2014853685631	0.585397439643315	-0.343	Non_thrombosis
52	8	0.021594207887279	0.301301820956296	0.002540338115976	0.227510406087698	0.611551223181082	-0.072	Non_thrombosis
53	10	0.035558156345737	0.326852200504721	0.003537636827277	0.543539700216367	0.197658189261519	-0.247	Thrombosis
54	7	0.022810459766158	0.307784804624199	0.002188599421538	0.339050889250725	0.256143680552082	-0.388	Non_thrombosis
55	2	0	0.274648304414203	0.000838371858085	0.039756988355683	0.969257454042806	0.437	Non_thrombosis
56	2	0	0.251138994481037	0.001014020045562	0.1384622562914	0.885760156114186	0.062	Non_thrombosis
57	9	0.013206659552741	0.293281001241974	0.002852977219734	0.371745830353764	0.505260718939	-0.512	Non_thrombosis
58	5	0	0.247011882733372	0.003005938286508	0.215644467826246	0.631377068193267	0.749	Non_thrombosis
59	4	0.004566681582963	0.260398802812376	0.001658789083852	0.116407150941957	0.833186574273516	1.093	Non_thrombosis
60	5	0	0.239236228239779	0.003172437590267	0.121029612508089	0.467134798377948	1.662	Non_thrombosis
61	5	0.003212740812135	0.261377384291907	0.001814685721873	0.192100784340788	0.523830880824508	0.792	Non_thrombosis
62	8	0.000803185203034	0.290991567815384	0.003368587230513	0.313857991846758	0.592598264314623	-0.866	Non_thrombosis
63	11	0.015340837377945	0.318608649656251	0.003634630819865	0.538678267338042	0	-0.528	Non_thrombosis
64	9	0.014629444769543	0.32085889792764	0.003559214961345	0.502652823017249	0	-0.801	Non_thrombosis
65	10	0.017750392987046	0.326873074618386	0.002496434914389	0.588357835957147	0	-0.033	Non_thrombosis
66	8	0.010349615044806	0.340626766344955	0.002865557141711	0.903199459171587	0	-0.844	Thrombosis
67	8	0.078184342478171	0.341934307949081	0.002551950878517	0.55349123162919	0	-0.856	Thrombosis
68	9	0.073250490516678	0.339913804607002	0.002674561409337	0.562810607607374	0	-0.429	Non_thrombosis
69	9	0.014973666999415	0.333207085206197	0.003086333422719	0.883796792411296	0	-0.844	Thrombosis
70	11	0.128280150998818	0.351291593866662	0.002821138419996	0.676239040196173	0	-0.575	Thrombosis
71	6	0.009948022443289	0.313316041037661	0.001660525689436	0.240187969024679	0	-0.867	Thrombosis
72	9	0.006241896435005	0.294460763093483	0.003108618519016	0.576963103003517	0.144194671053042	-0.762	Thrombosis
73	9	0.018014296696614	0.325242392815634	0.002852944456552	0.479810811536334	0	-0.866	Thrombosis
74	11	0.117632210021457	0.332347228980909	0.002445748536777	0.254487171342129	0	-0.802	Non_thrombosis
76	11	0.026631326517733	0.300230732756627	0.003069544632719	0.412072734118424	0	-0.865	Non_thrombosis
77	5	0.01285096324854	0.291375161388355	0.001643719536324	0.213283103700165	0	-0.767	Thrombosis
78	9	0.045173430633484	0.304822277634543	0.002739530677189	0.152834020430991	0.179846115313008	-0.861	Non_thrombosis
79	7	0.011680607666977	0.268510056549975	0.002540520631207	0.306735263933847	0.386538930347529	-0.855	Thrombosis
80	3	0.00060812593944	0.235505482278739	0.001334880569933	0.057701492289418	0.245939814365627	-0.803	Non_thrombosis
81	7	0.012277259532087	0.274673466547844	0.002043261926629	0.080007505545185	0.250539112311276	-0.811	Thrombosis
82	6	0.000114740743291	0.248446092692314	0.002861412407843	0.085581939458038	0.298308547945369	-0.792	Thrombosis
83	4	0.002902940805251	0.221407252834824	0.002088624549258	0.055086992384461	0.70955171216531	-0.081	Thrombosis
84	6	0.01115280024784	0.256450404820498	0.001980902277598	0.0608048895614	0.553540791172344	0.839	Non_thrombosis
85	11	0.011233118768143	0.274502492560707	0.003821976755653	0.159661838867682	0	-0.866	Thrombosis
86	8	0.012529689167326	0.278669795227277	0.002518772488567	0.082363496392667	0.148457972740871	-0.855	Thrombosis
87	5	0.003465170447374	0.252273854065489	0.002034766705005	0.04093552071727	0.529726571621557	0.315	Non_thrombosis
88	8	0.020251741190779	0.280317902411898	0.003525652004115	0.145129736965536	0.348909686469176	-0.56	Thrombosis
89	9	0.025977304280977	0.305795184595779	0.002625652316908	0.183515999735079	0	-0.513	Thrombosis
90	9	0.005083014927771	0.277785489289442	0.003157760027067	0.129865768332554	0.081171136744884	-0.808	Non_thrombosis
91	5	0.002248918568494	0.268158218971328	0.001795514946324	0.075333360811344	0.811821956249593	0.268	Non_thrombosis
92	7	0.023739859786812	0.304635533963973	0.002323355706658	0.202914892382423	0.379977801450334	-0.866	Non_thrombosis
93	10	0.017658600392413	0.326629883182949	0.003201305720333	0.319127972387096	0	-0.853	Thrombosis
94	8	0.009741489105366	0.303005183005845	0.003223742551786	0.221909373335255	0.385474207802881	1.148	Non_thrombosis
95	7	0.018530630041421	0.29738534000849	0.002330764643154	0.192553184476221	0	-0.853	Non_thrombosis
96	4	0	0.260554336882995	0.002346411650198	0.093754311547724	0.412246663980417	-0.532	Non_thrombosis
97	5	0.002443977832088	0.266927868507706	0.002835522562605	0.114656902310039	0.425167612505028	-0.5	Non_thrombosis
98	7	0.018897800419951	0.265252542157479	0.002521977998159	0.083024687959586	0.149909658951014	-0.702	Non_thrombosis
99	4	6.8844445974321E-05	0.226255474789523	0.001673445676874	0.031379334344971	0.685253900335184	-0.694	Non_thrombosis
100	4	0.003373377852742	0.227823953086073	0.001841765091857	0.02222993607475	0.849887501766915	-0.68	Non_thrombosis
101	7	0.004956800110151	0.241321195771865	0.002566899915137	0.060293339220172	0.523604975069444	-0.824	Thrombosis
102	4	0.000814659277363	0.226002284767447	0.002171737232917	0.053600148133395	0.480317117738885	-0.79	Thrombosis
103	7	0.023923444976077	0.260778065674769	0.002734682107923	0.095022807623457	0.078883278843303	-0.867	Thrombosis
104	5	0.001112985209918	0.238807321288119	0.002549556809387	0.078796776625488	0.380144212037309	-0.831	Non_thrombosis
105	4	0.000596651865111	0.228035811671072	0.002350647559855	0.082632521036785	0.517134686741147	-0.766	Thrombosis
106	7	0.034410748912832	0.284536765698531	0.002033829280981	0.165838249011472	0	-0.33	Non_thrombosis
107	9	0.035190985967207	0.29721553620578	0.003138069870288	0.324667602550617	0.132491952164518	-0.864	Thrombosis
108	7	0.011015111355891	0.255897705262626	0.002976889749503	0.120699933928258	0.240525808852351	-0.535	Non_thrombosis
109	9	0.003166844514819	0.280181772181687	0.003762892034182	0.176077967467474	0.141034002860924	-0.853	Non_thrombosis
110	10	0.017956926324969	0.295868328048304	0.003368643833802	0.426832714040213	0	-0.853	Thrombosis
111	6	0.016258763324269	0.278082215418222	0.002031143300124	0.109816542390845	0	-0.811	Thrombosis
112	9	0.022317074570009	0.271580406967042	0.003332185962264	0.116632898426914	0.268857904799111	-0.861	Thrombosis
113	9	0.041983637970007	0.305381198106397	0.002602530057947	0.255010029551088	0	-0.855	Thrombosis
114	9	0.030027652519133	0.296121882684046	0.00377562980016	0.435108800173812	0.199775181734502	-0.813	Non_thrombosis
115	6	0.018002822622285	0.277017406020735	0.001872866277673	0.131122547522063	0.301977569776102	-0.85	Thrombosis
116	8	0.011003637281562	0.294438664192655	0.003212186776049	0.260430941633414	0.500007936494244	-0.797	Thrombosis
117	9	0.07710577949124	0.333392796038892	0.002436753578	0.336177962184383	0.184964792174422	-0.754	Thrombosis
118	8	0.013596778079928	0.299468348566802	0.003174924404297	0.363886875378851	0.28811992023082	-0.467	Non_thrombosis
119	6	0.016063704060675	0.259721642681718	0.003143903921722	0.165666870958917	0.702968961108173	-0.69	Non_thrombosis
120	3	0.007469622388214	0.22680148187424	0.001908477069941	0.023872018651419	0.760807306213982	-0.824	Non_thrombosis
121	2	0.004624051954609	0.211945577720096	0.001400889225831	0.002382745746239	0.939144714713836	-0.541	Non_thrombosis
122	1	0	0.186600762493644	0.001059012090376	5.41037990305591E-05	1.05493802533767	-0.692	Thrombosis
123	3	0.007148348307	0.209259919027661	0.002455682121267	0.000608808109827	0.917093675879826	0.199	Non_thrombosis
124	2	0.007366355719252	0.227338841417774	0.001619670490945	0.004247112609295	1.15675309253437	-0.541	Thrombosis
125	3	0.011611763221002	0.264253556058064	0.001681632472483	0.040596022611369	0.600764060509551	-0.694	Non_thrombosis
126	3	0	0.26559471704795	0.00117719032958	0.049069272676738	0.685059688502459	0.096	Non_thrombosis
127	8	0.008467866854841	0.306612667385718	0.002866605153474	0.284902718500573	0.245425366902126	-0.805	Non_thrombosis
128	6	0.001744059298016	0.282535055073563	0.002088492271592	0.141613985078852	0.356944398889302	0.153	Non_thrombosis
129	5	0.00302915562287	0.284087113288907	0.001740555341746	0.142050471815342	0.654070249602809	-0.701	Non_thrombosis
130	5	0.001250674101867	0.268013646416313	0.002250812186882	0.185221306976234	0	-0.811	Non_thrombosis
131	8	0.006850022374445	0.281539122800374	0.002589379791649	0.390521820310425	0.338325751596571	-0.866	Non_thrombosis
132	7	0.00751551868553	0.27848640067496	0.002399177466633	0.134650429737727	0.323112685553349	-0.83	Thrombosis
133	10	0.027985267288562	0.281538315539207	0.002866929908506	0.197122509322347	0	-0.805	Thrombosis
134	10	0.038426674928	0.283828659867672	0.002962613144417	0.113612373063186	0.115331876311761	-0.853	Non_thrombosis
135	4	0	0.210065755918079	0.002127065088816	0.050420591009165	0	-0.854	Thrombosis
136	5	9.1792594632428E-05	0.206661166782374	0.003524901037151	0.042369459137866	0.17662290904496	-0.112	Non_thrombosis
137	4	0.003545488967678	0.228829052698841	0.001638197626532	0.013605864575577	0.853295877336718	-0.71	Non_thrombosis
138	5	0.00012621481762	0.194933152621719	0.002645567457698	0.033680076628242	0.601217017150917	-0.773	Non_thrombosis
139	9	0.013390244742005	0.240553351369316	0.003742585073207	0.058095056018397	0.086327078111728	-0.454	Thrombosis
140	3	0	0.22625718464825	0.001447430544932	0.027603724412545	0.800141942311299	1.004	Non_thrombosis
141	7	0.012105148417151	0.25262866758244	0.002388410598586	0.104545183316304	0.233427609401255	-0.641	Non_thrombosis
142	5	0	0.216784442925531	0.002949728204042	0.12974307210041	0.586445758346983	-0.599	Non_thrombosis
143	4	0	0.217215743661646	0.001639965209498	0.047839629105639	0.768301559491756	-0.195	Non_thrombosis
144	6	0.0084908150035	0.238745417006132	0.002644261511818	0.092032807064255	0.742656110394593	-0.582	Non_thrombosis
145	13	0.021800741225202	0.267862278624973	0.004921902096105	0.335716372560971	0.132263740963325	-0.401	Non_thrombosis
146	8	0.016419400364876	0.246882550580293	0.002670257632958	0.118997364340372	0.663983852528916	-0.863	Non_thrombosis
147	5	0.005232177894048	0.218823626836549	0.001672815092918	0.037755730629681	0.799522242196572	-0.464	Non_thrombosis
148	7	0.01381478549218	0.245525094064153	0.002313651529413	0.112666401623733	0.297078458532493	-0.705	Non_thrombosis
149	8	0.016109600357991	0.259448698559063	0.003162980630185	0.278949118561481	0	-0.844	Non_thrombosis
150	5	0.003947081569194	0.232128878467906	0.001935805204115	0.054748932280631	0.763105974218773	-0.682	Non_thrombosis
151	6	0.007676155726137	0.222733711899551	0.002626037367598	0.103551207211952	0.558967360770634	1.035	Non_thrombosis
152	7	0.003166844514819	0.261624397149784	0.002969826152609	0.245588761090031	0.034497277719548	-0.698	Non_thrombosis
153	10	0.019827200440605	0.285417781312263	0.003639854123842	0.486943936797754	0.227268761244533	-0.852	Thrombosis
154	2	0.00181290374399	0.219012971788686	0.001066354567489	0.010725294721923	0.812724650114721	-0.549	Thrombosis
155	5	0.002535770426721	0.263090501926834	0.001964974505043	0.235839113424446	0.297136702519654	-0.784	Non_thrombosis
156	4	3.44222229871605E-05	0.232885072077946	0.00186800309446	0.075110194221931	0.620351267289119	-0.749	Non_thrombosis
157	7	0.005151859373745	0.245970734936437	0.002612773954947	0.152336262908869	0.285654968938865	-0.654	Non_thrombosis
158	5	0.000424540750175	0.250795610246755	0.002325955637482	0.04785142566835	0.328257052471897	0.396	Non_thrombosis
159	4	0.001686688926371	0.236558506446953	0.002198366853967	0.033065208900196	0.672505191854529	-0.811	Non_thrombosis
160	8	0.017371748534187	0.261001467413039	0.002149786339331	0.030399726581654	0.317383989703279	-0.612	Thrombosis
161	5	3.44222229871605E-05	0.219888998244243	0.002771989052467	0.012304848532944	0.578303466184518	-0.524	Non_thrombosis
162	8	0.016453822587863	0.266891476197748	0.002828609571511	0.050209804770749	0	-0.801	Non_thrombosis
163	5	0.002225970419836	0.184549664276211	0.002245518154302	0.017882586471097	0.772649791812056	-0.56	Thrombosis
164	3	0.000378644452859	0.177400166782537	0.001825951454849	0.006570073288249	0.845825289778046	0.288	Non_thrombosis
165	4	0.003109474143174	0.19303354636296	0.002523180139336	0.01191332495701	0.510328715875671	-0.105	Non_thrombosis
166	4	0.000206533337923	0.228940154852013	0.001621737616924	0.019288704843609	0.282637164749039	-0.306	Non_thrombosis
167	2	0	0.221098810888279	0.000970855127756	0.010706688960997	0.970223125593697	-0.196	Non_thrombosis
168	4	0.000390118527188	0.218187925668716	0.001990071092784	0.009390807994486	0.832809984447886	3.158	Non_thrombosis
169	9	0.01309191880945	0.25086801191374	0.003122482818516	0.035607607115032	0.196312449052394	-0.642	Thrombosis
170	9	0.016350555918901	0.252609375361899	0.004546329470286	0.111149482211742	0.386923798200841	-0.764	Non_thrombosis
171	5	0.001755533372345	0.226382520918262	0.001970861183123	0.027564737058202	0.60981362040488	3.238	Non_thrombosis
172	4	0.000711392608401	0.245979219293805	0.00146218450419	0.032071884381731	0.747979570672446	0.198	Non_thrombosis
173	12	0.05770311980081	0.284153769496686	0.003075601011703	0.102248136123113	0.093518028682018	-0.839	Thrombosis
174	7	0.003648755636639	0.257655543918343	0.003060371986281	0.110176645941761	0.243860037291711	-0.839	Non_thrombosis
175	3	2.2948148658107E-05	0.242843054551561	0.001348465022154	0.015185194965259	0.806097910534037	1.235	Non_thrombosis
176	9	0.023407111631269	0.285214899326877	0.003000223291633	0.162946679876113	0.393853797396423	-0.829	Thrombosis
177	9	0.047605934391243	0.301573970216463	0.003249893510309	0.213034663618286	0	-0.427	Non_thrombosis
178	8	0.013344348444689	0.271161904522379	0.003143792741747	0.087313750666682	0.410772111357081	-0.091	Thrombosis
179	4	0.001916170412952	0.266358042390796	0.001553876864859	0.043349105633751	0.904024609108926	-0.727	Non_thrombosis
180	8	0.035948274872925	0.293371094778247	0.003071090181254	0.164060252176793	0.527645978758882	-0.622	Non_thrombosis
181	8	0.015237570708983	0.293389338227612	0.003411973971266	0.220387738970238	0	-0.866	Thrombosis
182	3	0	0.271964185675679	0.00130975343597	0.045716083701436	0.76409844821269	-0.344	Thrombosis
183	1	0	0.201087992384093	0.000957291790593	0.017184118321949	0.740570729287732	0.749	Thrombosis
184	7	0.049258201094627	0.302612388829483	0.002096904213439	0.097269361166158	0.558062458826206	-0.318	Non_thrombosis
185	9	0.033022385919016	0.29457443008215	0.003348133852299	0.205824976312292	0	-0.866	Non_thrombosis
186	5	0.001663740777713	0.265462444580543	0.001758391003938	0.056786356811814	0.743790228931558	0.092	Non_thrombosis
187	2	0.000768762980047	0.265898324893649	0.000912530691428	0.032381706050657	0.817010409792533	-0.093	Non_thrombosis
188	8	0.019345289318784	0.288938484235241	0.002793731017026	0.166309428447084	0.132514506401475	-0.785	Non_thrombosis
189	9	0.004933851961493	0.272417123444639	0.003657286635901	0.168987510756919	0	-0.454	Thrombosis
190	5	0	0.269897415013751	0.002254184227297	0.104860905655371	0.625195869410257	-0.856	Thrombosis
191	2	0.004784688995215	0.198160607774936	0.001529135210141	0.018749041561133	0.817377755097709	1.75	Non_thrombosis
192	1	0	0.177948795410303	0.000805133985051	0.001645792243356	1.08044190261289	1.993	Non_thrombosis
193	4	0.0016981630007	0.264848327243286	0.001632899765578	0.071060788516311	0.651424523585924	0.317	Non_thrombosis
194	7	0.007423726090898	0.25760633045556	0.002765427604979	0.052308717886861	0.367776054824191	-0.539	Non_thrombosis
195	5	0.00242102968343	0.226999750166466	0.002931105821706	0.016091254373133	0.605609413643754	0.223	Non_thrombosis
196	3	0.000172111114936	0.192339942744441	0.001538810513868	0.00585126012908	0.752358754104	0.066	Non_thrombosis
197	3	0.002340711163127	0.214683453231531	0.001839858605943	0.009373744021323	0.933211092726268	0.72	Non_thrombosis
198	5	0.000573703716453	0.227467956908671	0.002492585090971	0.033568301799929	0.361123489143189	-0.739	Thrombosis
199	8	0.01151997062637	0.248040966695136	0.002454037071645	0.040151522641264	0.368789164592936	0.032	Non_thrombosis
200	10	0.050290867784242	0.265719119865717	0.002618747255469	0.076256825222143	0	-0.657	Thrombosis
201	6	0.029534267322984	0.288302754872063	0.001878890208317	0.103339416341153	0.127701361340157	-0.644	Thrombosis
202	9	0.025621607976777	0.301706040953285	0.002968217634002	0.274173520381669	0	-0.756	Thrombosis
203	8	0.032253622938969	0.30173332080933	0.001979822911258	0.188465099585866	0	-0.756	Non_thrombosis
204	7	0.008295755739906	0.299789731550937	0.002859770566783	0.812662206098465	0	-0.866	Thrombosis
205	8	0.038025082326483	0.317602727637876	0.002225742103163	0.379682770172703	0	-0.446	Thrombosis
206	10	0.04582745287024	0.318809256593807	0.002769288146807	0.490957251367611	0	-0.839	Thrombosis
207	10	0.048523860337567	0.313757263578739	0.003172216728571	0.185691157100648	0.09906006974187	-0.633	Non_thrombosis
208	8	0.081752779594506	0.322328113906058	0.002493554642519	0.167568455008478	0	-0.801	Non_thrombosis
209	5	0.001709637075029	0.296326750773538	0.002133411402746	0.055291994191687	0.43856141197282	-0.861	Thrombosis
210	4	0.00411919268413	0.279292762160956	0.001653709761875	0.039859342342499	0.328865674176306	-0.854	Thrombosis
211	6	0.028558971005014	0.276268952277439	0.002272116321668	0.041660569142011	0.382166531339114	-0.305	Non_thrombosis
212	14	0.060686379126364	0.28525877298713	0.004863759576623	0.140310259698944	0.076238583818779	-0.829	Thrombosis
213	5	0.003063577845857	0.252810600405153	0.00243065086884	0.038218493606605	0.709451601591584	-0.544	Non_thrombosis
214	3	0	0.250147019147645	0.002004461801659	0.025848738313917	0.721263662518877	-0.299	Thrombosis
215	7	0.022408867164642	0.246269005349138	0.002616086095334	0.058372436590811	0.472749340170356	-0.075	Non_thrombosis
216	9	0.040136312003029	0.265827639087397	0.003044092988025	0.077939663650799	0.099770711988762	-0.853	Thrombosis
217	8	0.010728259497665	0.220470190405766	0.004011762186732	0.049464301558135	0.09096011372951	0.044	Non_thrombosis
218	6	0.009982444666277	0.229480688795457	0.002907071716927	0.048365549765047	0.542080436211287	0.571	Non_thrombosis
219	4	0	0.180065414364246	0.002655993517245	0.027099883508478	0.780852903012959	1.427	Non_thrombosis
220	3	3.44222229871605E-05	0.195820341223855	0.001544200289649	0.016397598793819	0.758834918802624	-0.134	Non_thrombosis
221	7	0.003361903778413	0.238184181241977	0.002576643726997	0.066810109600187	0.360995444823622	-0.733	Thrombosis
222	4	0.000149162966278	0.226125285376435	0.001746019470103	0.015715514536082	0.836235277064156	0.789	Non_thrombosis
223	5	0.000745814831388	0.215415159632312	0.002437888498888	0.010239742013011	0.813168336048346	3.331	Non_thrombosis
224	4	0.004635526028938	0.228361179925048	0.001742663947919	0.011315991549343	0.618269203628982	0.203	Non_thrombosis
225	6	0.002317763014469	0.216676106961313	0.002198391504006	0.017450082968901	0.649579316341035	3.338	Non_thrombosis
226	9	0.024428304246555	0.27637880262745	0.003042745576171	0.078235002769919	0	-0.853	Thrombosis
227	5	0.001973540784597	0.240832227793211	0.002242516011643	0.029683486827087	0.662338913554936	1.102	Non_thrombosis
228	8	0.021479467143988	0.23666213767641	0.002761932067137	0.063038930102363	0.411597487877059	0.075	Thrombosis
229	3	0.000103266668961	0.232254283473019	0.001390359850974	0.038906257278076	0.719692689764971	0.796	Non_thrombosis
230	4	0.004773214920886	0.212621375253436	0.002711897311096	0.045602909650908	0.651217919058482	3.351	Non_thrombosis
231	2	1.14740743290535E-05	0.168565702603713	0.00101634693056	0.007179704199188	0.902032719451237	1.325	Non_thrombosis
232	3	0	0.18988167500327	0.002164023706741	0.024213683735437	0.689795867525324	1.595	Non_thrombosis
233	4	0.002902940805251	0.219446147571745	0.001278383864933	0.01426035562685	0.703689819837289	0.987	Non_thrombosis
234	7	0.001732585223687	0.22045395001415	0.002879172830904	0.049426239175216	0.28673550974046	-0.735	Thrombosis
235	4	0.000355696304201	0.211828060781662	0.001482767697583	0.011327414471593	0.789879627312557	1.768	Non_thrombosis
236	4	0.004268355650408	0.242387954493033	0.001450275465414	0.011616305932224	0.104814520391813	0.166	Thrombosis
237	4	0.000286851858226	0.230150726074635	0.002086165736984	0.020050010027875	0.524573879899974	0.686	Non_thrombosis
238	9	0.016534141108166	0.260265339528382	0.003056962405432	0.065096710752207	0.2504782808241	-0.144	Non_thrombosis
239	9	0.000894977797666	0.260647675869693	0.003368097948943	0.117223477143852	0.073451140599319	-0.865	Thrombosis
240	7	0.009523481693114	0.217309041474512	0.003629001789053	0.041546353698338	0.441413491869845	-0.132	Non_thrombosis
241	5	0.012357578052391	0.245431580568543	0.002802329732487	0.028009081822262	0.295973515401794	-0.798	Thrombosis
242	5	0.005404289008984	0.217848868334048	0.002639005372982	0.005356298732066	0.602562486561718	-0.602	Non_thrombosis
243	3	0.014262274391014	0.225892028990642	0.001556486548848	0.00379866643094	0.20775063623617	0.643	Non_thrombosis
244	4	0.004761740846557	0.225139860930946	0.002102204721742	0.004141271263797	0.744509469625677	0.762	Thrombosis
245	8	0.033309237777242	0.255297883399975	0.002418482725957	0.032623591587209	0.291467808368741	-0.749	Non_thrombosis
246	5	0	0.239984082133491	0.002440400745297	0.050061262088988	0.531294385937627	1.435	Non_thrombosis
247	8	0.007068029786697	0.240628730556776	0.002560687016378	0.022867916974907	0.298319623610295	0.353	Thrombosis
248	7	0.004865007515519	0.236372895230655	0.003035393597156	0.017843471406495	0.495551889036214	1.292	Thrombosis
249	5	0.004165088981446	0.229905870860994	0.002010331376796	0.007809271311762	0.803694888804785	1.393	Non_thrombosis
250	6	0.00024095556091	0.236052906528124	0.00242929665589	0.011560825031073	0.227550532479642	0.292	Non_thrombosis
251	3	0.001112985209918	0.232401007064903	0.001350652681573	0.004608684528884	0.788664471483675	1.7	Thrombosis
252	3	0.004050348238156	0.232274500653218	0.001083014109824	0.004009287851201	0.721327172067647	1.441	Non_thrombosis
253	2	0	0.186764307643163	0.00155614247588	0.005743426027888	0.401932393590664	-0.217	Non_thrombosis
254	6	0.008869459456358	0.26192578418313	0.002063673247478	0.023225009463711	0.210013501148435	-0.756	Non_thrombosis
255	6	0.000734340757059	0.246655967049385	0.002515650094608	0.021565658960136	0.296427735760099	-0.561	Thrombosis
256	9	0.023418585705598	0.276936891656606	0.002598292627282	0.033726811329523	0.098832587522574	-0.276	Thrombosis
257	11	0.063004142140833	0.275476389565236	0.002791530545272	0.052001145933049	0	-0.57	Thrombosis
258	9	0.010992163207233	0.286755833021541	0.00334717413577	0.111343432857933	0.207817240673466	-0.752	Non_thrombosis
259	7	0.006758229779813	0.273406617519029	0.002406570298394	0.088980633050414	0.152843142805523	-0.525	Non_thrombosis
260	6	0.006528748293231	0.258200102818805	0.002781003348373	0.072909178136167	0.545099461121308	-0.81	Non_thrombosis
261	10	0.081259394398357	0.305028190087303	0.003148617858949	0.141550947808321	0	-0.798	Thrombosis
262	5	0.000263903709568	0.25681907131628	0.002064677560298	0.054494434166679	0.674083113929538	0.018	Non_thrombosis
263	1	0	0.19558780829493	0.000755647501271	0.001255426854539	0.997419982229004	-0.692	Non_thrombosis
264	3	0.004784688995215	0.221833917830022	0.00179648392687	0.013551680288629	0.663952471965207	-0.3	Non_thrombosis
265	5	0.012759170653908	0.28501104632075	0.002008603387459	0.207318111727001	0.464422416854183	-0.513	Non_thrombosis
266	9	0.020297637488096	0.318176959384429	0.003678011017293	0.349277501744953	0.180282510996546	-0.647	Non_thrombosis
267	7	0.020768074535587	0.30827381841412	0.002173517468079	0.120239825179895	0.103662399870729	-0.58	Thrombosis
268	11	0.035569630420066	0.310674087157181	0.003446259954759	0.153426625172628	0	-0.837	Non_thrombosis
269	8	0.066664371851801	0.313265529789397	0.002378639139708	0.092927132468708	0.238179729982839	-0.612	Non_thrombosis
270	9	0.027973793214232	0.304110855739354	0.002421295712585	0.086180310235355	0	-0.284	Thrombosis
271	9	0.036717037852971	0.300097227378411	0.002531019030381	0.070868199304053	0.159350588216023	-0.475	Thrombosis
272	10	0.016763622594747	0.271447550283472	0.003069680925751	0.064679613847892	0.039864964109527	-0.805	Thrombosis
273	7	0.001170355581563	0.245873958703489	0.003035263391298	0.085396371048764	0.104920369496275	-0.856	Non_thrombosis
274	6	0.008479340929171	0.231200363958311	0.003090529831632	0.0212145906	0.550721672485028	2.089	Non_thrombosis
275	3	0	0.201585024562263	0.002289619539487	0.0179763655373	0.829961432890437	1.973	Non_thrombosis
276	2	0	0.212699431825635	0.001168918445553	0.004754855001132	0.831892109874909	1.692	Non_thrombosis
277	7	0.005714089015869	0.238478990886776	0.002904473630199	0.044480673937124	0.35937928769209	0.271	Non_thrombosis
278	5	0.000596651865111	0.249254207044543	0.002393320835854	0.051627035086414	0.52188446375649	1.727	Non_thrombosis
279	8	0.004715844549241	0.293167751916483	0.003002604277564	0.158785668342784	0.305154248746857	-0.805	Non_thrombosis
280	4	0	0.258648156556626	0.001924094132691	0.050419776006984	0.629547414880711	0.656	Non_thrombosis
281	6	0.005071540853442	0.248815437517321	0.002416709444872	0.042013317737408	0.636589788594793	0.777	Non_thrombosis
282	10	0.01430817068833	0.275454699088808	0.003209806962225	0.109580799922168	0.282020571964446	-0.669	Non_thrombosis
283	10	0.02836391174142	0.308914866105504	0.003171713736334	0.259375012741342	0.280108438593911	-0.719	Non_thrombosis
284	4	0.007297511273278	0.270133632349131	0.00155359782768	0.058358296746776	0.884591994947446	1.292	Non_thrombosis
285	4	8.03185203033745E-05	0.235886430333808	0.001620166731742	0.027312217441962	0.83008659993555	1.732	Non_thrombosis
286	5	0.007217192752975	0.295994804763564	0.001367580080731	0.044303398352195	0.279068415227254	-0.658	Non_thrombosis
287	5	0.000355696304201	0.253738672464297	0.00284149984482	0.045825271286473	0.476352172489047	0.205	Non_thrombosis
288	7	0.011600289146673	0.280592776885541	0.003022310364482	0.121068821640791	0.554610694850887	0.06	Non_thrombosis
289	4	0.000103266668961	0.223599386277558	0.002176358146663	0.040421591676881	0.846272940592447	0.71	Thrombosis
290	4	0.002076807453559	0.247320446466835	0.001770616063815	0.019136175157098	0.500429849891727	0.201	Non_thrombosis
291	6	0.010223400227187	0.286405599939828	0.002078064516444	0.045426792355656	0.329204414872112	-0.296	Non_thrombosis
292	4	0.000298325932555	0.245258783901134	0.002016949128998	0.033203613395377	0.683478575076685	0.272	Non_thrombosis
293	5	0.002203022271178	0.229560875200389	0.002070943680027	0.012526072816813	0.688448833352329	3.355	Non_thrombosis
294	9	0.01503103737106	0.262794744617331	0.003121563482374	0.034276216143344	0.426542765746062	-0.726	Non_thrombosis
295	8	0.015294941080628	0.292787691657666	0.003119259605174	0.068415619927353	0.473308144476032	-0.138	Non_thrombosis
296	3	0	0.245302751426739	0.001451500477055	0.014282304153963	0.826027770805319	1.377	Non_thrombosis
297	4	8.03185203033745E-05	0.229309954666147	0.002268079601843	0.011281529446474	0.621669224111195	1.004	Non_thrombosis
298	7	0.002512822278063	0.257168654459936	0.002750512557391	0.043454613570727	0.118199498724459	0.476	Non_thrombosis
299	2	0.000252429635239	0.204877972667599	0.001306357566363	0.002095653659442	0.748037781714928	3.355	Thrombosis
300	3	0.000149162966278	0.183553301422191	0.001970147764877	0.001527717729812	0.71344440927326	-0.197	Non_thrombosis
301	5	0.000757288905718	0.202080509730665	0.002328006417044	0.004478101124846	0.522463974724092	0.782	Non_thrombosis
302	7	0.003098000068844	0.211310787132604	0.003226287074833	0.004344003245837	0.554438743535115	0.486	Thrombosis
303	8	0.012908333620185	0.243061708796531	0.002771147315091	0.017795599876529	0	-0.576	Non_thrombosis
304	6	0.013745941046206	0.22345758685769	0.002429049507644	0.011239737487752	0.278715230805183	0.62	Non_thrombosis
305	7	0.019460030062075	0.253673489666206	0.002399105394616	0.032921883464082	0.079923304515792	-0.154	Non_thrombosis
306	7	0.005415763083313	0.239465249661972	0.002804510552054	0.030283561972401	0.369746258961103	0.228	Non_thrombosis
307	11	0.034261585946554	0.281279597303061	0.003269104892117	0.124727277782362	0	0.709	Thrombosis
308	8	0.00097529631797	0.260804142887779	0.003195961821995	0.109157539496634	0	-0.856	Non_thrombosis
309	9	0.009982444666277	0.262215923572783	0.003009119706026	0.100725133829418	0.59322885003216	-0.497	Non_thrombosis
310	11	0.069050979312244	0.306523082142357	0.002948342547052	0.132356148965205	0.180536319012879	-0.801	Non_thrombosis
311	5	0.037313689718082	0.30150649765618	0.001769634744523	0.060282373616844	0.678427714221882	0.356	Non_thrombosis
312	8	0.014457333654607	0.306557816852463	0.002333288107678	0.24615454443559	0.249255497857893	0.734	Non_thrombosis
313	4	0.001032666689615	0.302010191406557	0.001353439734915	0.069313868459493	0.759122390734053	-0.571	Non_thrombosis
314	7	0.015214622560325	0.305213767160723	0.00276693343471	0.445302454136024	0.266027379707403	-0.629	Non_thrombosis
315	4	0	0.301720229142839	0.001467826699413	0.242226227006472	0.764346079765177	0.054	Non_thrombosis
316	8	0.041524674996845	0.31851784371512	0.002568508473694	0.555644553295208	0.351147212014387	-0.586	Non_thrombosis
317	1	0	0.206943654371085	0.000855214407486	0.021660103457037	0.688820172572577	-0.701	Non_thrombosis
318	6	0.003407800075729	0.321428488705282	0.001931840117683	0.30049064250758	0.099289223769407	0.112	Non_thrombosis
319	6	0.002398081534772	0.262742608774865	0.002777828055556	0.105767251545575	0.39899307959992	-0.675	Thrombosis
320	4	0.00461257788028	0.251356884959682	0.001338824875297	0.071936826379214	0.818792256019357	-0.042	Non_thrombosis
321	7	0.010774155794981	0.288312343408283	0.003186756950118	0.442632667554646	0.364857474430982	0.83	Non_thrombosis
322	9	0.017291430013884	0.306240414802462	0.002637210044657	0.238212366658898	0	-0.755	Non_thrombosis
323	7	0.006081259394398	0.25439988646947	0.002303059646686	0.098959746860313	0.574156945483149	0.143	Non_thrombosis
324	4	0	0.250093681956317	0.001630625248184	0.100041485140059	0.817459534963282	0.542	Non_thrombosis
325	5	0.007985955733021	0.298011999697478	0.002052714836336	0.297504824501504	0.49013604160803	-0.688	Thrombosis
326	2	5.73703716452675E-05	0.240255537462744	0.000814593136105	0.020097809554019	0.669760681793857	-0.803	Thrombosis
327	10	0.010556148382729	0.293920043454999	0.003474959677107	0.22314324126053	0	-0.854	Thrombosis
328	5	0.001376888919486	0.248204335773909	0.001866014681465	0.075606069601642	0.654800813755731	0.625	Non_thrombosis
329	8	0.001629318554726	0.253166274596475	0.003565741304461	0.137664186953393	0.083690310052621	-0.529	Non_thrombosis
330	9	0.042970408362305	0.296082337422795	0.002868914011017	0.141944187764497	0	-0.459	Non_thrombosis
331	7	0.010166029855541	0.2444630219035	0.002818950111358	0.112979810772968	0.100583176911312	-0.853	Non_thrombosis
332	5	0.000206533337923	0.231364119359831	0.002491966861915	0.054892457904102	0.414047859382718	0.422	Non_thrombosis
333	5	0.004784688995215	0.20990869587387	0.002643292916146	0.039259962459948	0.649204457760975	0.106	Non_thrombosis
334	1	0	0.186621003388211	0.000652456722375	0.003574278976317	0.95324335454372	0.971	Non_thrombosis
335	4	9.1792594632428E-05	0.208782947059304	0.002329314924767	0.06688703457236	0.660319844391674	0.989	Non_thrombosis
336	7	0.002088281527888	0.244792722139652	0.002252068786389	0.07121760590296	0.266523104952594	-0.454	Thrombosis
337	7	0.00182437781832	0.217563611244409	0.003377852020868	0.114830050692044	0.608207794854703	0.155	Non_thrombosis
338	10	0.021387674549356	0.268520547355003	0.00287723811231	0.096939747664865	0.250012334071892	-0.855	Non_thrombosis
340	4	0	0.224924549806967	0.002188950673942	0.113572094382352	0.375175974096275	-0.854	Thrombosis
341	10	0.024749578327768	0.259466178883555	0.002969892695585	0.104994501869875	0.096170789978775	-0.156	Non_thrombosis
342	2	8.03185203033745E-05	0.208417945808575	0.000952477306515	0.011568765696358	0.990111035129169	0.298	Non_thrombosis
343	6	0.005771459387514	0.222335234369088	0.002813586873955	0.036386834038925	0.39202445454878	-0.15	Non_thrombosis
344	7	0.009569377990431	0.213174946386942	0.002699320402135	0.020672724456454	0.776108095517363	0.315	Non_thrombosis
345	2	0	0.190696783918115	0.001123430081313	0.002441898493091	1.0631727168674	1.006	Non_thrombosis
346	4	0.00230628894014	0.209433381955094	0.002097396065295	0.003647803094762	0.814900053687553	0.432	Non_thrombosis
347	2	0	0.202816257138566	0.00127491308439	0.001590251192022	1.01646340066878	1.163	Non_thrombosis
348	4	0.011336385437105	0.23411976347867	0.001782284532535	0.011376951579884	0.671601236518349	0.46	Non_thrombosis
349	6	0.003189792663477	0.236532171857293	0.00224623582068	0.04988937568131	0.45841666829079	-0.355	Non_thrombosis
350	12	0.041249297212947	0.269345016640091	0.003615401283326	0.0775995719151	0.330807864221973	0.281	Non_thrombosis
351	7	0.003453696373045	0.264582667515874	0.00234463319275	0.081810709487215	0	-0.591	Thrombosis
352	7	0.003855288974562	0.25654859042421	0.002365352326781	0.054544039279987	0.497290370860337	-0.867	Non_thrombosis
353	7	0.013183711404083	0.276803963446865	0.003189170143629	0.115971528870361	0.297948339928633	0.125	Thrombosis
354	5	0.001549000034422	0.286565704790826	0.002170703914792	0.17938593253005	0	-0.757	Thrombosis
355	10	0.047927208472457	0.309686660686054	0.003236962913921	0.295319626648327	0.265924268772361	0.01	Non_thrombosis
356	12	0.021915481968492	0.337021957392909	0.004139160458759	1	0.028749806641122	-0.864	Thrombosis
357	8	0.018725689305015	0.316779936064477	0.002661648047425	0.265824383110951	0.336704094422487	-0.861	Non_thrombosis
358	6	0.006241896435005	0.31259904572038	0.001972425097181	0.31223349540851	0	-0.757	Thrombosis
359	8	0.011657659518318	0.304061028216307	0.002536019756659	0.154929072094759	0.122555395395942	-0.696	Non_thrombosis
360	7	0.025896985760674	0.314598931632987	0.002141960203478	0.174826381607377	0	-0.655	Non_thrombosis
361	6	0.0067926520028	0.294761506032751	0.002268779301633	0.072630168503599	0.346818581140679	-0.716	Non_thrombosis
362	9	0.024313563503264	0.30063972304367	0.002334004826013	0.099187951576045	0.056847717326066	-0.866	Non_thrombosis
363	8	0.001663740777713	0.263221027615448	0.003306680905069	0.101949447292113	0.385938237558978	-0.786	Non_thrombosis
364	8	0.001273622250525	0.247304247988274	0.003556208106907	0.10989162425438	0.180445138597112	-0.861	Thrombosis
365	7	0.009030096496965	0.244406802450291	0.003829205951652	0.062757856593111	0.27970917086347	-0.79	Non_thrombosis
366	3	0.000160637040607	0.242003012802742	0.001378911745588	0.043278225690462	0	-0.854	Thrombosis
367	5	0.000894977797666	0.28592647102649	0.001763441265248	0.06037269774875	0.041199181259456	-0.844	Thrombosis
368	7	0.004715844549241	0.281241895264515	0.002927794166089	0.087103477603646	0.329097274731181	-0.79	Non_thrombosis
369	4	0.001594896331738	0.254307547653984	0.001865322272972	0.042263012171922	0.502217796555829	-0.839	Non_thrombosis
370	1	0	0.180549055001395	0.00090496503928	0.000852315092559	1.00388186476107	-0.378	Non_thrombosis
371	3	0.004830585292532	0.206388209511955	0.001923330322387	0.008025995713101	0.826823362530975	-0.728	Thrombosis
372	2	0.000527807419136	0.199169116156163	0.001133908413462	0.005751632369889	1.00518983606752	-0.26	Non_thrombosis
373	3	0.00655169644189	0.221765366019643	0.001420187844988	0.017074654034804	0.449936472156228	-0.686	Non_thrombosis
374	3	0.000172111114936	0.193277650813732	0.001548156080509	0.011605513697667	0.815683530370788	0.443	Thrombosis
375	6	0.004681422326254	0.196158824336366	0.002475420401503	0.014544894598205	0.65832488092877	-0.249	Non_thrombosis
376	2	0	0.182885439020026	0.001048820410649	0.001488696065735	0.940858222941056	0.802	Non_thrombosis
377	5	0.013413192890664	0.200727874891066	0.002465565479185	0.005356812481196	0.880609746355456	0.019	Non_thrombosis
378	2	0.004784688995215	0.177675573840855	0.001789700599568	0.000538490911309	0.991680946835501	0.59	Thrombosis
379	1	0	0.158764665719709	0.001130670078076	5.52856273128411E-05	1.09479285515122	-0.854	Thrombosis
380	6	0.013367296593347	0.2022079889191	0.003017151091802	0.002709719692798	0.78747978913689	-0.863	Thrombosis
381	1	0	0.180232377691386	0.000703242681112	0.000250228785779	0.99207461031291	-0.844	Thrombosis
382	6	0.003786444528588	0.199841865961906	0.002386756027426	0.001634970418288	0.581120000116495	0.53	Non_thrombosis
383	4	0	0.179407800318904	0.002658640744743	0.000767840954656	0.720321278273944	-0.39	Non_thrombosis
384	4	0.004773214920886	0.186449870635725	0.002472625860687	0.000649414747328	0.923505517769401	1.174	Non_thrombosis
385	2	0	0.145238985489186	0.001707816999096	0.000288911179843	0.891595513707865	0.402	Non_thrombosis
386	7	0.011405229883079	0.210557186666915	0.002897949547303	0.002544280813751	0.485703668113033	-0.479	Non_thrombosis
387	5	0.002294814865811	0.222618550510036	0.001928602029007	0.005022269777272	0.42964849559316	0.297	Non_thrombosis
388	4	1.14740743290535E-05	0.211618032594337	0.001958251453443	0.009564118451597	0.69414487048387	0.465	Thrombosis
389	8	0.013619726228587	0.268237517195377	0.002663751708951	0.03553812963187	0	-0.749	Thrombosis
390	3	0	0.235498074079346	0.001640321580883	0.020143245594673	0.70271066854735	1.097	Non_thrombosis
391	7	0.016625933702799	0.275354482193234	0.002361436747616	0.058848710864489	0	-0.811	Non_thrombosis
392	6	0.001445733365461	0.242354616719743	0.002928503063275	0.04230091998762	0.421299676432424	-0.288	Thrombosis
393	8	0.017325852236871	0.267333226701004	0.003312076792671	0.065747197200491	0.471413230572588	-0.349	Thrombosis
394	7	0.002317763014469	0.256751222851472	0.002738175842325	0.088560093080437	0.468190331584389	-0.856	Thrombosis
395	10	0.042121326861955	0.302966946549678	0.002545938448928	0.09317065701317	0	-0.801	Thrombosis
396	10	0.063577845857286	0.325952868446974	0.00259686368932	0.14714673617331	0	-0.657	Thrombosis
397	9	0.029178571018783	0.321957220186045	0.002299139429591	0.146360326894545	0	-0.499	Non_thrombosis
398	9	0.032173304418666	0.318986148261006	0.002688921303568	0.170465309317073	0.186971937376825	0.052	Non_thrombosis
399	7	0.037371060089727	0.332871766326556	0.002043545001014	0.272380470268242	0	-0.812	Non_thrombosis
400	11	0.083187038885638	0.325378641718937	0.003054111710092	0.297581299940004	0.302142322637581	-0.763	Non_thrombosis
401	11	0.018174933737221	0.314536949429205	0.004357340576485	0.517800586282681	0.134832361956211	-0.752	Non_thrombosis
402	5	0.015971911466043	0.29740498053013	0.001789849878056	0.148795314068395	0.509732351767555	-0.202	Non_thrombosis
403	6	0.005496081603617	0.258225738662792	0.002716367739934	0.213744200417588	0.652025817839081	0.521	Non_thrombosis
404	9	0.016522667033837	0.291851537439622	0.002758390548565	0.285126440504247	0.176317053734473	-0.53	Non_thrombosis
405	5	0.002030911156242	0.281529462456614	0.001743742382223	0.149375527061541	0.76704113430316	-0.866	Non_thrombosis
406	7	0.027227978382844	0.316298559194889	0.002292024845032	0.254671476989724	0.054369125743448	-0.068	Non_thrombosis
407	6	0.043693275045036	0.336858699872326	0.001610003300288	0.25508549658052	0.268065298992705	-0.184	Non_thrombosis
408	11	0.033148600736636	0.333718396196343	0.003931284977231	0.751488570321787	0	-0.244	Thrombosis
409	10	0.078700675822978	0.347386350089781	0.002809067930858	0.586792672067666	0	-0.853	Thrombosis
410	9	0.007412252016569	0.331048809622911	0.003051666956306	0.393832554761334	0	-0.127	Non_thrombosis
411	3	0	0.292713810434451	0.001303617793154	0.205658022877084	0	-0.708	Thrombosis
412	12	0.053756038231616	0.31520855436848	0.003857741166604	0.416062220351624	0.107821155030506	-0.764	Thrombosis
413	8	0.050543297419481	0.309019908500992	0.00193619096267	0.127184830823116	0.091732747481033	-0.587	Thrombosis
414	9	0.035087719298246	0.277737002940877	0.003044295554601	0.214223206242651	0	0.015	Non_thrombosis
415	6	0.005622296421236	0.249651971770662	0.002871153569868	0.122076008486603	0.505246210087207	0.157	Non_thrombosis
416	8	0.047996052918431	0.273414279604903	0.002132511754902	0.060992877729263	0.343666676310982	-0.765	Thrombosis
417	6	0.012587059538972	0.233018233497816	0.00282206410233	0.047142852384305	0.261965417522294	-0.731	Thrombosis
418	1	0	0.171804498276184	0.001323661831568	0.000604541620294	0.94314746946284	1.773	Non_thrombosis
419	2	0.004784688995215	0.207217314599464	0.001749297322481	0.003968471365514	1.08714962169439	1.39	Non_thrombosis
