node	dg	bt	cl	kcore	relSESA	SCORE	type
7	2	0	0.117568287493403	2	0.751803891365613	-2.09	Type_II
8	3	0.008843036109064	0.120867128581659	2	0.445924242529606	-3.72	Type_I
16	4	0.005053163490894	0.120544884020046	2	0.39352137527833	-2.76	Type_I
21	4	0.015802833046754	0.120932884242978	2	0.568212047541484	-3.07	Type_I
24	1	0	0.110536730504055	1	0.861673084334587	-2.67	Type_II
32	2	0.0014621422138	0.12016355879276	2	0.939882156701207	-1.63	Type_II
33	2	0.002433004643764	0.120886141563243	2	0.959579354305495	0	Type_II
34	1	0	0.123118484002244	1	0.606283154458882	-1.8	Type_II
38	8	0.089518194897709	0.131054608759507	3	0	-4.37	Type_I
41	7	0.076288732147244	0.13119108521295	3	0.130190748646993	-3.05	Type_I
42	6	0.034529950521108	0.131896425404229	3	0	-3.53	Type_I
43	6	0.002971072978442	0.127360951788085	3	0.336035697983071	-2.37	Type_I
44	8	0.049572469616685	0.131080113938768	3	0.464401785190876	-4.23	Type_I
45	9	0.214396837093963	0.133507483773209	3	0.108261039347015	-6.11	Type_I
49	7	0.005123346317156	0.128748792871109	3	0.124131210696402	-3.21	Type_II
50	6	0.003415564211437	0.129660270498203	3	0	-5.88	Type_I
53	7	0.01048063538852	0.128355438044137	3	0.197658189261519	-4.73	Type_I
66	6	0.000666736849493	0.131364696725748	3	0	-4.19	Type_I
67	9	0.102279772139757	0.133762073339401	3	0	-6.81	Type_I
69	8	0.014621422138003	0.130986422871059	3	0	-2.53	Type_I
70	7	0.065761308207882	0.132821679872275	3	0	-5.58	Type_I
71	5	0.037185200781369	0.132978245147753	3	0	-4.08	Type_I
72	8	0.028260284708332	0.131436701342847	3	0.144194671053042	-2.77	Type_I
73	8	0.078429308348247	0.132171002799263	3	0	-4.21	Type_I
77	5	0.000924073879122	0.126422325884223	3	0	-2.64	Type_I
79	5	0.013311342714438	0.129211941708939	3	0.386538930347529	-4.98	Type_I
81	5	0.005790083166649	0.123085964818519	3	0.250539112311276	-3.45	Type_I
82	6	0	0.120223350977857	3	0.298308547945369	-3.6	Type_I
83	4	0.012036354704004	0.123158148426121	3	0.70955171216531	-1.44	Type_I
85	9	0.02704378238645	0.127335184061568	3	0	-4.89	Type_I
86	5	0.012749880104339	0.123917550050168	3	0.148457972740871	-0.57	Type_II
88	8	0.060415716274228	0.129501287632104	3	0.348909686469176	-4.8	Type_I
89	5	0.011287737890538	0.128359840229618	3	0	-4.21	Type_I
93	6	0.019569311389503	0.132523656101723	3	0	-4.18	Type_I
101	3	0.004608672257898	0.121030056835152	3	0.523604975069444	-1.48	Type_II
102	4	0.006293060088196	0.122722933302379	3	0.480317117738885	-3.27	Type_II
103	4	0.008117813571019	0.124307595397712	3	0.078883278843303	-1.57	Type_II
105	3	5.84856885520113E-05	0.12152364950121	3	0.517134686741147	-2.62	Type_II
107	8	0.053654770677615	0.129013291165862	3	0.132491952164518	-8.64	Type_I
110	6	0.055713466914646	0.129863066115482	3	0	-6.99	Type_I
111	4	0.000526371196968	0.124145439377188	3	0	-1.95	Type_II
112	6	0.015533798879414	0.125789885056506	3	0.268857904799111	-2.01	Type_I
113	6	0.009217344515797	0.127549073630868	3	0	-6.15	Type_I
115	6	0.019850042694553	0.124511692573815	3	0.301977569776102	-4.71	Type_I
116	4	0.005673111789545	0.123641651883625	3	0.500007936494244	-0.65	Type_II
117	5	0.00204699909932	0.124413588024149	3	0.184964792174422	-4.57	Type_I
122	1	0	0.114700279018806	1	1.05493802533767	-2	Type_I
124	2	0.009041887450141	0.116929217669971	2	1.15675309253437	-1.6	Type_I
132	6	0.005614626100993	0.127562268910061	3	0.323112685553349	-6.64	Type_II
133	3	0.001239896597303	0.126618491737386	3	0	-6.24	Type_I
135	6	0.020563568094887	0.125629939850071	3	0	-6.89	Type_I
139	5	0.015159490472681	0.125041458251513	3	0.086327078111728	-3.95	Type_I
153	6	0.038471885929513	0.129107327079438	3	0.227268761244533	-4.48	Type_I
154	3	0.002105484787872	0.122953773293972	3	0.812724650114721	-2.56	Type_I
160	5	0.010539121077072	0.123791374686475	3	0.317383989703279	-4.4	Type_I
163	3	0.001544022177773	0.116853726414214	3	0.772649791812056	-1.89	Type_I
169	7	0.003029558666994	0.120858027954852	3	0.196312449052394	-4.59	Type_I
173	6	0.035711361429858	0.126261137039868	3	0.093518028682018	-3.71	Type_I
176	7	0.032459557146366	0.12681515225721	3	0.393853797396423	-12.07	Type_I
178	8	0.022856207086126	0.127201763566015	3	0.410772111357081	-2.32	Type_I
181	6	0.00814120784644	0.125225730522077	3	0	-5.57	Type_I
182	1	0	0.120928481475891	1	0.76409844821269	-1.98	Type_I
183	1	0	0.12008598181547	1	0.740570729287732	-4.99	Type_I
189	5	0.011299435028249	0.12650589109538	3	0	-0.68	Type_I
190	3	0.000233942754208	0.124162369979569	3	0.625195869410257	-7.43	Type_I
198	5	0.028880233006983	0.125467447526615	3	0.361123489143189	-4.96	Type_I
200	5	0.021639704764244	0.127101528982705	3	0	-6.25	Type_I
201	3	0	0.12787043164696	3	0.127701361340157	-5.54	Type_I
202	8	0.055421038471886	0.130825768230824	3	0	-6.41	Type_I
204	6	0.005205226281129	0.129133758368524	3	0	-5.46	Type_I
205	5	0.010527423939362	0.130540605264619	3	0	-2.45	Type_I
206	6	0.028388953223146	0.130675586105564	3	0	-4.11	Type_I
209	2	0.00842193915149	0.122357022476939	2	0.43856141197282	-4.55	Type_I
210	3	0.014165233767297	0.121647632991375	2	0.328865674176306	-7.78	Type_I
212	9	0.071715151302476	0.126579375791727	3	0.076238583818779	-11.48	Type_I
214	3	0.001614205004036	0.124783120583861	3	0.721263662518877	-2.8	Type_I
216	5	0.004000421096958	0.120446935490176	3	0.099770711988762	-5.53	Type_I
221	3	0.002655250260261	0.120014601470145	3	0.360995444823622	-4.5	Type_I
226	8	0.051514194476612	0.126235377674864	3	0	-5.38	Type_I
228	5	0.013018914271678	0.121066785399769	3	0.411597487877059	-1.17	Type_I
234	5	0.01104209799862	0.120353766317955	3	0.28673550974046	-4.59	Type_I
236	3	0.001649296417167	0.117821130277425	3	0.104814520391813	-1.96	Type_I
239	7	0.031441906165561	0.124591267494086	3	0.073451140599319	-3.68	Type_I
241	4	0.006842825560585	0.118948686780861	3	0.295973515401794	-5.07	Type_I
244	4	0	0.12086993686015	3	0.744509469625677	-0.75	Type_I
247	5	0.022283047338316	0.124465594061251	3	0.298319623610295	-5.16	Type_I
248	4	0.001777964931981	0.120891067678123	3	0.495551889036214	-1.09	Type_I
251	2	0.004760735048134	0.114822207703846	1	0.788664471483675	0.63	Type_I
255	4	0.026318559848405	0.123730021867604	3	0.296427735760099	-1.55	Type_I
256	4	0.015685861669649	0.124752535058351	3	0.098832587522574	-5.08	Type_I
257	5	0.020984665052462	0.126717301619972	3	0	-6.2	Type_I
261	7	0.036576949620428	0.124674736055482	3	0	-3.93	Type_I
267	5	0.115637903405037	0.129562611484142	3	0.103662399870729	-1.96	Type_II
270	4	0.010199904083471	0.127353287645598	3	0	-4.99	Type_I
271	4	0.015849621597595	0.126957916705001	3	0.159350588216023	-5.37	Type_II
272	6	0.015954895836989	0.125808101347263	3	0.039864964109527	-5.59	Type_I
289	4	0.009135464551824	0.125605734927676	3	0.846272940592447	-1.99	Type_II
299	2	0.003321987109754	0.121191286063808	2	0.748037781714928	0.66	Type_I
302	5	0.018247534828228	0.118771046793483	3	0.554438743535115	0.24	Type_I
307	2	0	0.122659952352884	2	0	-3.72	Type_I
319	6	0.004538489431636	0.126002322280821	3	0.39899307959992	-2.42	Type_I
325	4	0.003017861529284	0.129750161729735	3	0.49013604160803	-4.3	Type_I
326	3	0.000561462610099	0.124643858233081	3	0.669760681793857	-6.49	Type_I
327	7	0.09448947842463	0.130531677928533	3	0	-5.02	Type_I
336	5	8.18799639728159E-05	0.123773530545124	3	0.266523104952594	-2.14	Type_I
340	4	0.006760945596613	0.12410332085695	3	0.375175974096275	-6.01	Type_I
351	5	0.01483197061679	0.128529896094573	3	0	-5.75	Type_I
353	6	0.031254751962195	0.129071174069715	3	0.297948339928633	-2.02	Type_I
354	4	0.003052952942415	0.127687490559251	3	0	-3.18	Type_I
356	7	0.009977658466973	0.130696032739942	3	0.028749806641122	-7.31	Type_I
358	6	0.025686914412043	0.131486090455992	3	0	-3.51	Type_I
364	5	0.059362973880292	0.125251708910037	3	0.180445138597112	-6.26	Type_I
366	3	0.002374518955212	0.123354099591258	3	0	-5.38	Type_I
367	3	0.003403867073727	0.122045622513855	2	0.041199181259456	-3.41	Type_I
371	2	0.004760735048134	0.110240858435734	1	0.826823362530975	-2.59	Type_II
374	4	0.012726485828918	0.117064927636474	2	0.815683530370788	-2.7	Type_I
378	2	2.33942754208045E-05	0.002427210719686	1	0.991680946835501	-0.02	Type_II
379	1	0	0.002427201802751	1	1.09479285515122	-2.8	Type_II
380	3	0.00638663718988	0.118451621190975	2	0.78747978913689	-3.77	Type_II
381	1	0	0.115219594613169	1	0.99207461031291	-3.78	Type_II
388	3	0	0.117709542212723	3	0.69414487048387	-0.34	Type_I
389	4	0.012165023218818	0.120469730178967	3	0	-6.81	Type_I
392	6	0.019651191353476	0.124907284776328	3	0.421299676432424	-3.61	Type_I
393	7	0.018996151641693	0.125893135823271	3	0.471413230572588	-3.58	Type_I
394	7	0.05466072452071	0.127282379763344	3	0.468190331584389	-7.27	Type_I
395	5	0.032588225661181	0.127943981538551	3	0	-7.18	Type_I
396	4	0.015311553262917	0.128948506945007	3	0	-6.12	Type_I
408	7	0.055268975681651	0.131482909640378	3	0	-3.15	Type_I
409	7	0.030728380765227	0.131835541655974	3	0	-6.35	Type_I
411	3	0.002456398919184	0.130223673304393	3	0	-6.95	Type_I
412	6	0.00349744417541	0.125932357339027	3	0.107821155030506	-5.35	Type_I
413	4	0.01017650980805	0.126148416437122	3	0.091732747481033	-5.32	Type_I
416	3	0.010375361149127	0.121202833905631	3	0.343666676310982	-6.12	Type_I
417	5	0.010831549519833	0.118266443844045	3	0.261965417522294	-3.8	Type_I
