model_name,iteration,F1,ROC,acc-class-1,acc-class-2,SEN,SPE,MCC,TPR,FPR,AUC
RandomForest,0,0.625,0.66667,1.0,0.6,0.33333,1.0,0.44721,[0.         0.33333333 1.        ],[0. 0. 1.],0.6666666666666666
DecisionTree,0,0.82857,0.83333,1.0,0.75,0.66667,1.0,0.70711,[0.         0.66666667 1.         1.        ],[0.         0.         0.33333333 1.        ],0.9444444444444444
KNN,0,0.625,0.66667,1.0,0.6,0.33333,1.0,0.44721,[0.         0.33333333 0.33333333 1.        ],[0. 0. 1. 1.],0.3333333333333333
OneClassSVM,0,0.33333,0.5,,0.5,0.0,1.0,0.0,[0. 0. 0. 1.],[0.         0.33333333 1.         1.        ],0.0
LocalOutlierFactor,0,0.66667,0.66667,0.6666666666666666,0.6666666666666666,0.66667,0.66667,0.33333,[0.         0.33333333 0.33333333 1.         1.        ],[0.         0.         0.66666667 0.66666667 1.        ],0.5555555555555556
IsolationForest,0,0.82857,0.83333,1.0,0.75,0.66667,1.0,0.70711,[0. 0. 0. 1.],[0.         0.33333333 1.         1.        ],0.0
Xgboost,0,0.48571,0.5,0.5,0.5,0.33333,0.66667,0.0,[0.         0.33333333 0.33333333 0.66666667 0.66666667 1.        ],[0.         0.         0.66666667 0.66666667 1.         1.        ],0.4444444444444444
RandomForest,1,0.625,0.66667,1.0,0.6,0.33333,1.0,0.44721,[0.         0.33333333 0.33333333 0.66666667 1.         1.        ],[0.         0.         0.33333333 0.33333333 0.66666667 1.        ],0.7222222222222222
DecisionTree,1,0.82857,0.83333,1.0,0.75,0.66667,1.0,0.70711,[0.         0.66666667 1.         1.        ],[0.         0.         0.33333333 1.        ],0.9444444444444444
KNN,1,0.48571,0.5,0.5,0.5,0.33333,0.66667,0.0,[0.         0.33333333 1.        ],[0.         0.33333333 1.        ],0.5
OneClassSVM,1,1.0,1.0,1.0,1.0,1.0,1.0,1.0,[0. 0. 0. 1.],[0.         0.33333333 1.         1.        ],0.0
LocalOutlierFactor,1,0.25,0.33333,0.4,0.0,0.66667,0.0,-0.44721,[0.         0.33333333 0.33333333 1.        ],[0. 0. 1. 1.],0.3333333333333333
IsolationForest,1,0.625,0.66667,1.0,0.6,0.33333,1.0,0.44721,[0. 0. 0. 1.],[0.         0.33333333 1.         1.        ],0.0
Xgboost,1,0.625,0.66667,1.0,0.6,0.33333,1.0,0.44721,[0.         0.33333333 0.33333333 0.66666667 0.66666667 1.        ],[0.         0.         0.33333333 0.33333333 1.         1.        ],0.5555555555555556
RandomForest,2,0.82857,0.83333,1.0,0.75,0.66667,1.0,0.70711,[0.         0.33333333 0.66666667 0.66666667 1.         1.        ],[0.         0.         0.         0.66666667 0.66666667 1.        ],0.7777777777777778
DecisionTree,2,0.82857,0.83333,1.0,0.75,0.66667,1.0,0.70711,[0.         0.66666667 1.         1.        ],[0.         0.         0.33333333 1.        ],0.9444444444444444
KNN,2,0.625,0.66667,1.0,0.6,0.33333,1.0,0.44721,[0.         0.33333333 0.33333333 0.66666667 0.66666667 1.        ],[0.         0.         0.33333333 0.33333333 1.         1.        ],0.5555555555555556
OneClassSVM,2,0.625,0.66667,1.0,0.6,0.33333,1.0,0.44721,[0. 0. 0. 1.],[0.         0.33333333 1.         1.        ],0.0
LocalOutlierFactor,2,0.25,0.33333,0.4,0.0,0.66667,0.0,-0.44721,[0.         0.33333333 0.33333333 1.         1.        ],[0.         0.         0.66666667 0.66666667 1.        ],0.5555555555555556
IsolationForest,2,0.33333,0.5,0.5,,1.0,0.0,0.0,[0. 0. 0. 1.],[0.         0.33333333 1.         1.        ],0.0
Xgboost,2,0.66667,0.66667,0.6666666666666666,0.6666666666666666,0.66667,0.66667,0.33333,[0.         0.33333333 0.66666667 0.66666667 1.        ],[0. 0. 0. 1. 1.],0.6666666666666666
RandomForest,3,0.625,0.66667,1.0,0.6,0.33333,1.0,0.44721,[0.         0.33333333 0.66666667 0.66666667 1.         1.        ],[0.         0.         0.         0.33333333 0.66666667 1.        ],0.8333333333333333
DecisionTree,3,0.82857,0.83333,1.0,0.75,0.66667,1.0,0.70711,[0.         0.66666667 1.         1.        ],[0.         0.         0.33333333 1.        ],0.9444444444444444
KNN,3,0.625,0.66667,1.0,0.6,0.33333,1.0,0.44721,[0.         0.33333333 1.        ],[0. 0. 1.],0.6666666666666666
OneClassSVM,3,0.33333,0.5,,0.5,0.0,1.0,0.0,[0. 0. 0. 1.],[0.         0.66666667 1.         1.        ],0.0
LocalOutlierFactor,3,0.25,0.33333,0.4,0.0,0.66667,0.0,-0.44721,[0.         0.33333333 0.33333333 1.         1.        ],[0.         0.         0.66666667 0.66666667 1.        ],0.5555555555555556
IsolationForest,3,0.33333,0.5,0.5,,1.0,0.0,0.0,[0. 0. 0. 1.],[0.         0.33333333 1.         1.        ],0.0
Xgboost,3,0.48571,0.5,0.5,0.5,0.33333,0.66667,0.0,[0.         0.33333333 0.33333333 0.66666667 0.66666667 1.        ],[0.         0.         0.33333333 0.33333333 1.         1.        ],0.5555555555555556
RandomForest,4,0.625,0.66667,1.0,0.6,0.33333,1.0,0.44721,[0.         0.33333333 0.66666667 0.66666667 1.        ],[0. 0. 0. 1. 1.],0.6666666666666666
DecisionTree,4,0.82857,0.83333,1.0,0.75,0.66667,1.0,0.70711,[0.         0.66666667 1.         1.        ],[0.         0.         0.33333333 1.        ],0.9444444444444444
KNN,4,0.625,0.66667,1.0,0.6,0.33333,1.0,0.44721,[0.         0.33333333 0.33333333 0.66666667 0.66666667 1.        ],[0.         0.         0.33333333 0.33333333 1.         1.        ],0.5555555555555556
OneClassSVM,4,0.33333,0.5,,0.5,0.0,1.0,0.0,[0.         0.66666667 1.        ],[0. 1. 1.],0.3333333333333333
LocalOutlierFactor,4,0.66667,0.66667,0.6666666666666666,0.6666666666666666,0.66667,0.66667,0.33333,[0.         0.33333333 0.33333333 1.         1.        ],[0.         0.         0.66666667 0.66666667 1.        ],0.5555555555555556
IsolationForest,4,0.33333,0.5,0.5,,1.0,0.0,0.0,[0. 0. 0. 1.],[0.         0.33333333 1.         1.        ],0.0
Xgboost,4,0.48571,0.5,0.5,0.5,0.33333,0.66667,0.0,[0.         0.33333333 0.33333333 0.66666667 0.66666667 1.        ],[0.         0.         0.66666667 0.66666667 1.         1.        ],0.4444444444444444
RandomForest,5,0.625,0.66667,1.0,0.6,0.33333,1.0,0.44721,[0.         0.33333333 0.66666667 0.66666667 1.         1.        ],[0.         0.         0.         0.33333333 0.33333333 1.        ],0.888888888888889
DecisionTree,5,0.82857,0.83333,1.0,0.75,0.66667,1.0,0.70711,[0.         0.66666667 1.         1.        ],[0.         0.         0.33333333 1.        ],0.9444444444444444
KNN,5,0.48571,0.5,0.5,0.5,0.33333,0.66667,0.0,[0.         0.33333333 1.        ],[0.         0.33333333 1.        ],0.5
OneClassSVM,5,1.0,1.0,1.0,1.0,1.0,1.0,1.0,[0. 0. 0. 1.],[0.         0.33333333 1.         1.        ],0.0
LocalOutlierFactor,5,0.66667,0.66667,0.6666666666666666,0.6666666666666666,0.66667,0.66667,0.33333,[0.         0.33333333 0.33333333 1.         1.        ],[0.         0.         0.66666667 0.66666667 1.        ],0.5555555555555556
IsolationForest,5,0.33333,0.5,0.5,,1.0,0.0,0.0,[0.         0.         0.         0.66666667 0.66666667 1.        ],[0.         0.33333333 0.66666667 0.66666667 1.         1.        ],0.22222222222222224
Xgboost,5,0.66667,0.66667,0.6666666666666666,0.6666666666666666,0.66667,0.66667,0.33333,[0.         0.33333333 0.66666667 0.66666667 1.        ],[0. 0. 0. 1. 1.],0.6666666666666666
RandomForest,6,0.625,0.66667,1.0,0.6,0.33333,1.0,0.44721,[0.         0.33333333 0.66666667 1.        ],[0. 0. 0. 1.],0.8333333333333333
DecisionTree,6,0.82857,0.83333,1.0,0.75,0.66667,1.0,0.70711,[0.         0.66666667 1.         1.        ],[0.         0.         0.33333333 1.        ],0.9444444444444444
KNN,6,0.625,0.66667,1.0,0.6,0.33333,1.0,0.44721,[0.         0.33333333 0.33333333 0.66666667 0.66666667 1.        ],[0.         0.         0.33333333 0.33333333 1.         1.        ],0.5555555555555556
OneClassSVM,6,0.33333,0.5,,0.5,0.0,1.0,0.0,[0. 0. 0. 1.],[0.         0.66666667 1.         1.        ],0.0
LocalOutlierFactor,6,0.25,0.33333,0.4,0.0,0.66667,0.0,-0.44721,[0.         0.33333333 0.33333333 1.         1.        ],[0.         0.         0.66666667 0.66666667 1.        ],0.5555555555555556
IsolationForest,6,0.33333,0.5,0.5,,1.0,0.0,0.0,[0. 0. 0. 1.],[0.         0.33333333 1.         1.        ],0.0
Xgboost,6,0.66667,0.66667,0.6666666666666666,0.6666666666666666,0.66667,0.66667,0.33333,"[0.         0.33333333 0.33333333 0.66666667 0.66666667 1.
 1.        ]","[0.         0.         0.33333333 0.33333333 0.66666667 0.66666667
 1.        ]",0.6666666666666667
RandomForest,7,0.82857,0.83333,1.0,0.75,0.66667,1.0,0.70711,[0.         0.33333333 1.         1.        ],[0. 0. 0. 1.],1.0
DecisionTree,7,0.82857,0.83333,1.0,0.75,0.66667,1.0,0.70711,[0.         0.66666667 1.         1.        ],[0.         0.         0.33333333 1.        ],0.9444444444444444
KNN,7,0.625,0.66667,1.0,0.6,0.33333,1.0,0.44721,[0.         0.33333333 1.        ],[0. 0. 1.],0.6666666666666666
OneClassSVM,7,0.33333,0.5,,0.5,0.0,1.0,0.0,[0.         0.66666667 1.        ],[0. 1. 1.],0.3333333333333333
LocalOutlierFactor,7,0.66667,0.66667,0.6666666666666666,0.6666666666666666,0.66667,0.66667,0.33333,[0.         0.33333333 0.33333333 1.         1.        ],[0.         0.         0.66666667 0.66666667 1.        ],0.5555555555555556
IsolationForest,7,0.33333,0.5,0.5,,1.0,0.0,0.0,[0.         0.33333333 0.33333333 0.66666667 0.66666667 1.        ],[0.         0.         0.66666667 0.66666667 1.         1.        ],0.4444444444444444
Xgboost,7,0.48571,0.5,0.5,0.5,0.33333,0.66667,0.0,[0.         0.33333333 0.33333333 1.         1.        ],[0.         0.         0.33333333 0.33333333 1.        ],0.7777777777777779
RandomForest,8,0.82857,0.83333,1.0,0.75,0.66667,1.0,0.70711,[0.         0.33333333 0.66666667 1.         1.        ],[0.         0.         0.         0.33333333 1.        ],0.9444444444444444
DecisionTree,8,0.82857,0.83333,1.0,0.75,0.66667,1.0,0.70711,[0.         0.66666667 1.         1.        ],[0.         0.         0.33333333 1.        ],0.9444444444444444
KNN,8,0.625,0.66667,1.0,0.6,0.33333,1.0,0.44721,[0.         0.33333333 1.         1.        ],[0.         0.         0.66666667 1.        ],0.7777777777777778
OneClassSVM,8,0.33333,0.5,,0.5,0.0,1.0,0.0,[0. 0. 1.],[0. 1. 1.],0.0
LocalOutlierFactor,8,0.25,0.33333,0.4,0.0,0.66667,0.0,-0.44721,[0.         0.33333333 0.33333333 1.         1.        ],[0.         0.         0.66666667 0.66666667 1.        ],0.5555555555555556
IsolationForest,8,0.33333,0.5,,0.5,0.0,1.0,0.0,[0. 0. 0. 1.],[0.         0.33333333 1.         1.        ],0.0
Xgboost,8,0.48571,0.5,0.5,0.5,0.33333,0.66667,0.0,[0.         0.33333333 0.33333333 0.66666667 0.66666667 1.        ],[0.         0.         0.33333333 0.33333333 1.         1.        ],0.5555555555555556
RandomForest,9,0.625,0.66667,1.0,0.6,0.33333,1.0,0.44721,[0.         0.33333333 1.         1.         1.        ],[0.         0.         0.         0.66666667 1.        ],1.0
DecisionTree,9,0.82857,0.83333,1.0,0.75,0.66667,1.0,0.70711,[0.         0.66666667 1.         1.        ],[0.         0.         0.33333333 1.        ],0.9444444444444444
KNN,9,0.48571,0.5,0.5,0.5,0.33333,0.66667,0.0,[0.         0.33333333 0.33333333 0.66666667 0.66666667 1.        ],[0.         0.         0.33333333 0.33333333 1.         1.        ],0.5555555555555556
OneClassSVM,9,1.0,1.0,1.0,1.0,1.0,1.0,1.0,[0. 0. 0. 1.],[0.         0.33333333 1.         1.        ],0.0
LocalOutlierFactor,9,0.66667,0.66667,0.6666666666666666,0.6666666666666666,0.66667,0.66667,0.33333,[0.         0.33333333 0.33333333 1.         1.        ],[0.         0.         0.66666667 0.66666667 1.        ],0.5555555555555556
IsolationForest,9,0.625,0.66667,1.0,0.6,0.33333,1.0,0.44721,[0.         0.         0.         0.66666667 0.66666667 1.        ],[0.         0.33333333 0.66666667 0.66666667 1.         1.        ],0.22222222222222224
Xgboost,9,0.48571,0.5,0.5,0.5,0.33333,0.66667,0.0,[0.         0.33333333 0.33333333 1.         1.        ],[0.         0.         0.33333333 0.33333333 1.        ],0.7777777777777779
RandomForest,10,0.625,0.66667,1.0,0.6,0.33333,1.0,0.44721,[0.         0.33333333 0.66666667 0.66666667 1.         1.        ],[0.         0.         0.         0.33333333 0.33333333 1.        ],0.888888888888889
DecisionTree,10,0.66667,0.66667,0.6666666666666666,0.6666666666666666,0.66667,0.66667,0.33333,[0.         0.66666667 0.66666667 1.         1.        ],[0.         0.         0.33333333 0.33333333 1.        ],0.888888888888889
KNN,10,0.625,0.66667,1.0,0.6,0.33333,1.0,0.44721,[0.         0.33333333 0.33333333 1.         1.        ],[0.         0.         0.33333333 0.33333333 1.        ],0.7777777777777779
OneClassSVM,10,0.33333,0.5,,0.5,0.0,1.0,0.0,[0. 0. 1.],[0. 1. 1.],0.0
LocalOutlierFactor,10,0.25,0.33333,0.4,0.0,0.66667,0.0,-0.44721,[0.         0.33333333 1.         1.        ],[0. 0. 0. 1.],1.0
IsolationForest,10,0.82857,0.83333,1.0,0.75,0.66667,1.0,0.70711,[0. 0. 0. 1.],[0.         0.33333333 1.         1.        ],0.0
Xgboost,10,0.66667,0.66667,0.6666666666666666,0.6666666666666666,0.66667,0.66667,0.33333,[0.         0.33333333 0.66666667 0.66666667 1.        ],[0. 0. 0. 1. 1.],0.6666666666666666
RandomForest,11,0.82857,0.83333,1.0,0.75,0.66667,1.0,0.70711,[0.         0.66666667 1.        ],[0. 0. 1.],0.8333333333333333
DecisionTree,11,0.82857,0.83333,1.0,0.75,0.66667,1.0,0.70711,[0.         0.66666667 1.         1.        ],[0.         0.         0.33333333 1.        ],0.9444444444444444
KNN,11,0.625,0.66667,1.0,0.6,0.33333,1.0,0.44721,[0.         0.33333333 1.         1.        ],[0.         0.         0.66666667 1.        ],0.7777777777777778
OneClassSVM,11,0.33333,0.5,,0.5,0.0,1.0,0.0,[0.         0.66666667 1.        ],[0. 1. 1.],0.3333333333333333
LocalOutlierFactor,11,0.25,0.33333,0.4,0.0,0.66667,0.0,-0.44721,[0.         0.33333333 0.33333333 1.         1.        ],[0.         0.         0.66666667 0.66666667 1.        ],0.5555555555555556
IsolationForest,11,0.33333,0.5,0.5,,1.0,0.0,0.0,[0.         0.         0.         0.33333333 0.33333333 1.        ],[0.         0.33333333 0.66666667 0.66666667 1.         1.        ],0.11111111111111112
Xgboost,11,0.66667,0.66667,0.6666666666666666,0.6666666666666666,0.66667,0.66667,0.33333,[0.         0.33333333 0.33333333 0.66666667 0.66666667 1.        ],[0.         0.         0.33333333 0.33333333 1.         1.        ],0.5555555555555556
RandomForest,12,0.66667,0.66667,0.6666666666666666,0.6666666666666666,0.66667,0.66667,0.33333,[0.         0.66666667 1.        ],[0.         0.33333333 1.        ],0.6666666666666667
DecisionTree,12,0.82857,0.83333,1.0,0.75,0.66667,1.0,0.70711,[0.         0.66666667 1.         1.        ],[0.         0.         0.33333333 1.        ],0.9444444444444444
KNN,12,0.625,0.66667,1.0,0.6,0.33333,1.0,0.44721,[0.         0.33333333 0.33333333 1.        ],[0. 0. 1. 1.],0.3333333333333333
OneClassSVM,12,0.33333,0.5,,0.5,0.0,1.0,0.0,[0. 0. 0. 1.],[0.         0.66666667 1.         1.        ],0.0
LocalOutlierFactor,12,0.66667,0.66667,0.6666666666666666,0.6666666666666666,0.66667,0.66667,0.33333,[0.         0.33333333 0.33333333 1.         1.        ],[0.         0.         0.66666667 0.66666667 1.        ],0.5555555555555556
IsolationForest,12,0.33333,0.5,0.5,,1.0,0.0,0.0,"[0.         0.         0.33333333 0.33333333 0.66666667 0.66666667
 1.        ]","[0.         0.33333333 0.33333333 0.66666667 0.66666667 1.
 1.        ]",0.33333333333333337
Xgboost,12,0.33333,0.33333,0.3333333333333333,0.3333333333333333,0.33333,0.33333,-0.33333,[0.         0.33333333 0.33333333 0.66666667 0.66666667 1.        ],[0.         0.         0.66666667 0.66666667 1.         1.        ],0.4444444444444444
RandomForest,13,0.48571,0.5,0.5,0.5,0.33333,0.66667,0.0,[0.         0.33333333 0.33333333 0.66666667 0.66666667 1.        ],[0.         0.         0.33333333 0.33333333 0.66666667 1.        ],0.6111111111111112
DecisionTree,13,0.66667,0.66667,0.6666666666666666,0.6666666666666666,0.66667,0.66667,0.33333,[0.         0.66666667 0.66666667 1.         1.        ],[0.         0.         0.33333333 0.33333333 1.        ],0.888888888888889
KNN,13,0.625,0.66667,1.0,0.6,0.33333,1.0,0.44721,[0.         0.33333333 1.         1.        ],[0.         0.         0.66666667 1.        ],0.7777777777777778
OneClassSVM,13,0.625,0.66667,1.0,0.6,0.33333,1.0,0.44721,[0. 0. 0. 1.],[0.         0.33333333 1.         1.        ],0.0
LocalOutlierFactor,13,0.25,0.33333,0.4,0.0,0.66667,0.0,-0.44721,[0.         0.33333333 0.33333333 1.         1.        ],[0.         0.         0.66666667 0.66666667 1.        ],0.5555555555555556
IsolationForest,13,0.82857,0.83333,1.0,0.75,0.66667,1.0,0.70711,[0.         0.         0.         0.33333333 0.33333333 1.        ],[0.         0.33333333 0.66666667 0.66666667 1.         1.        ],0.11111111111111112
Xgboost,13,0.66667,0.66667,0.6666666666666666,0.6666666666666666,0.66667,0.66667,0.33333,[0.         0.33333333 0.33333333 0.66666667 0.66666667 1.        ],[0.         0.         0.33333333 0.33333333 1.         1.        ],0.5555555555555556
RandomForest,14,0.625,0.66667,1.0,0.6,0.33333,1.0,0.44721,[0.         0.33333333 1.         1.        ],[0.         0.         0.66666667 1.        ],0.7777777777777778
DecisionTree,14,0.82857,0.83333,1.0,0.75,0.66667,1.0,0.70711,[0.         0.66666667 1.         1.        ],[0.         0.         0.33333333 1.        ],0.9444444444444444
KNN,14,0.625,0.66667,1.0,0.6,0.33333,1.0,0.44721,[0.         0.33333333 0.33333333 1.         1.        ],[0.         0.         0.33333333 0.33333333 1.        ],0.7777777777777779
OneClassSVM,14,1.0,1.0,1.0,1.0,1.0,1.0,1.0,[0. 0. 0. 1.],[0.         0.33333333 1.         1.        ],0.0
LocalOutlierFactor,14,0.25,0.33333,0.4,0.0,0.66667,0.0,-0.44721,[0.         0.33333333 0.33333333 1.         1.        ],[0.         0.         0.66666667 0.66666667 1.        ],0.5555555555555556
IsolationForest,14,0.33333,0.5,0.5,,1.0,0.0,0.0,[0.         0.         0.         0.33333333 0.33333333 1.        ],[0.         0.33333333 0.66666667 0.66666667 1.         1.        ],0.11111111111111112
Xgboost,14,0.48571,0.5,0.5,0.5,0.66667,0.33333,0.0,[0.         0.33333333 0.33333333 0.66666667 0.66666667 1.        ],[0.         0.         0.66666667 0.66666667 1.         1.        ],0.4444444444444444
RandomForest,15,0.82857,0.83333,1.0,0.75,0.66667,1.0,0.70711,[0.         0.66666667 0.66666667 1.        ],[0.         0.         0.66666667 1.        ],0.7222222222222222
DecisionTree,15,0.82857,0.83333,1.0,0.75,0.66667,1.0,0.70711,[0.         0.66666667 1.         1.        ],[0.         0.         0.33333333 1.        ],0.9444444444444444
KNN,15,0.625,0.66667,1.0,0.6,0.33333,1.0,0.44721,[0.         0.33333333 1.         1.        ],[0.         0.         0.66666667 1.        ],0.7777777777777778
OneClassSVM,15,0.33333,0.5,,0.5,0.0,1.0,0.0,[0.         0.66666667 1.        ],[0. 1. 1.],0.3333333333333333
LocalOutlierFactor,15,0.25,0.33333,0.4,0.0,0.66667,0.0,-0.44721,[0.         0.33333333 0.33333333 1.         1.        ],[0.         0.         0.66666667 0.66666667 1.        ],0.5555555555555556
IsolationForest,15,0.625,0.66667,1.0,0.6,0.33333,1.0,0.44721,[0. 0. 0. 1.],[0.         0.33333333 1.         1.        ],0.0
Xgboost,15,0.625,0.66667,1.0,0.6,0.33333,1.0,0.44721,[0.         0.33333333 0.66666667 0.66666667 1.        ],[0. 0. 0. 1. 1.],0.6666666666666666
RandomForest,16,0.82857,0.83333,1.0,0.75,0.66667,1.0,0.70711,[0.         0.33333333 1.         1.        ],[0. 0. 0. 1.],1.0
DecisionTree,16,0.82857,0.83333,1.0,0.75,0.66667,1.0,0.70711,[0.         0.66666667 1.         1.        ],[0.         0.         0.33333333 1.        ],0.9444444444444444
KNN,16,0.48571,0.5,0.5,0.5,0.33333,0.66667,0.0,[0.         0.33333333 1.        ],[0.         0.33333333 1.        ],0.5
OneClassSVM,16,1.0,1.0,1.0,1.0,1.0,1.0,1.0,[0. 0. 0. 1.],[0.         0.33333333 1.         1.        ],0.0
LocalOutlierFactor,16,0.25,0.33333,0.4,0.0,0.66667,0.0,-0.44721,[0.         0.33333333 0.33333333 1.         1.        ],[0.         0.         0.66666667 0.66666667 1.        ],0.5555555555555556
IsolationForest,16,0.625,0.66667,1.0,0.6,0.33333,1.0,0.44721,[0.         0.         0.         0.33333333 0.33333333 1.        ],[0.         0.33333333 0.66666667 0.66666667 1.         1.        ],0.11111111111111112
Xgboost,16,0.66667,0.66667,0.6666666666666666,0.6666666666666666,0.66667,0.66667,0.33333,[0.         0.33333333 0.33333333 0.66666667 0.66666667 1.        ],[0.         0.         0.33333333 0.33333333 1.         1.        ],0.5555555555555556
RandomForest,17,0.82857,0.83333,1.0,0.75,0.66667,1.0,0.70711,[0.         0.33333333 0.66666667 1.         1.        ],[0.         0.         0.         0.66666667 1.        ],0.8888888888888888
DecisionTree,17,0.82857,0.83333,1.0,0.75,0.66667,1.0,0.70711,[0.         0.66666667 1.         1.        ],[0.         0.         0.33333333 1.        ],0.9444444444444444
KNN,17,0.625,0.66667,1.0,0.6,0.33333,1.0,0.44721,[0.         0.33333333 1.         1.        ],[0.         0.         0.66666667 1.        ],0.7777777777777778
OneClassSVM,17,0.625,0.66667,1.0,0.6,0.33333,1.0,0.44721,[0. 0. 0. 1.],[0.         0.33333333 1.         1.        ],0.0
LocalOutlierFactor,17,0.66667,0.66667,0.6666666666666666,0.6666666666666666,0.66667,0.66667,0.33333,[0.         0.33333333 0.33333333 1.         1.        ],[0.         0.         0.66666667 0.66666667 1.        ],0.5555555555555556
IsolationForest,17,0.33333,0.5,0.5,,1.0,0.0,0.0,[0. 0. 0. 1.],[0.         0.33333333 1.         1.        ],0.0
Xgboost,17,0.66667,0.66667,0.6666666666666666,0.6666666666666666,0.66667,0.66667,0.33333,[0.         0.33333333 0.33333333 0.66666667 0.66666667 1.        ],[0.         0.         0.33333333 0.33333333 1.         1.        ],0.5555555555555556
RandomForest,18,0.33333,0.5,,0.5,0.0,1.0,0.0,[0.         0.66666667 1.        ],[0.         0.33333333 1.        ],0.6666666666666667
DecisionTree,18,0.82857,0.83333,1.0,0.75,0.66667,1.0,0.70711,[0.         0.66666667 1.         1.        ],[0.         0.         0.33333333 1.        ],0.9444444444444444
KNN,18,0.625,0.66667,1.0,0.6,0.33333,1.0,0.44721,[0.         0.33333333 0.33333333 1.        ],[0. 0. 1. 1.],0.3333333333333333
OneClassSVM,18,1.0,1.0,1.0,1.0,1.0,1.0,1.0,[0. 0. 0. 1.],[0.         0.33333333 1.         1.        ],0.0
LocalOutlierFactor,18,0.66667,0.66667,0.6666666666666666,0.6666666666666666,0.66667,0.66667,0.33333,[0.         0.33333333 0.33333333 1.         1.        ],[0.         0.         0.66666667 0.66666667 1.        ],0.5555555555555556
IsolationForest,18,0.33333,0.5,0.5,,1.0,0.0,0.0,[0. 0. 0. 1.],[0.         0.33333333 1.         1.        ],0.0
Xgboost,18,0.625,0.66667,1.0,0.6,0.33333,1.0,0.44721,[0.         0.33333333 0.66666667 0.66666667 1.         1.        ],[0.         0.         0.         0.66666667 0.66666667 1.        ],0.7777777777777778
RandomForest,19,0.82857,0.83333,1.0,0.75,0.66667,1.0,0.70711,[0.         0.33333333 0.66666667 0.66666667 0.66666667 1.        ],[0.         0.         0.         0.33333333 1.         1.        ],0.6666666666666667
DecisionTree,19,0.82857,0.83333,1.0,0.75,0.66667,1.0,0.70711,[0.         0.66666667 1.         1.        ],[0.         0.         0.33333333 1.        ],0.9444444444444444
KNN,19,0.33333,0.5,,0.5,0.0,1.0,0.0,[0. 1.],[0. 1.],0.5
OneClassSVM,19,0.33333,0.5,,0.5,0.0,1.0,0.0,[0. 0. 1.],[0. 1. 1.],0.0
LocalOutlierFactor,19,0.25,0.33333,0.4,0.0,0.66667,0.0,-0.44721,[0.         0.33333333 1.         1.        ],[0. 0. 0. 1.],1.0
IsolationForest,19,0.33333,0.5,0.5,,1.0,0.0,0.0,[0.         0.         0.         0.66666667 0.66666667 1.        ],[0.         0.33333333 0.66666667 0.66666667 1.         1.        ],0.22222222222222224
Xgboost,19,0.66667,0.66667,0.6666666666666666,0.6666666666666666,0.66667,0.66667,0.33333,"[0.         0.33333333 0.33333333 0.66666667 0.66666667 1.
 1.        ]","[0.         0.         0.33333333 0.33333333 0.66666667 0.66666667
 1.        ]",0.6666666666666667
RandomForest,20,0.82857,0.83333,1.0,0.75,0.66667,1.0,0.70711,[0.         0.66666667 1.         1.        ],[0.         0.         0.66666667 1.        ],0.8888888888888888
DecisionTree,20,0.82857,0.83333,1.0,0.75,0.66667,1.0,0.70711,[0.         0.66666667 1.         1.        ],[0.         0.         0.33333333 1.        ],0.9444444444444444
KNN,20,0.625,0.66667,1.0,0.6,0.33333,1.0,0.44721,[0.         0.33333333 1.         1.        ],[0.         0.         0.66666667 1.        ],0.7777777777777778
OneClassSVM,20,1.0,1.0,1.0,1.0,1.0,1.0,1.0,[0. 0. 0. 1.],[0.         0.33333333 1.         1.        ],0.0
LocalOutlierFactor,20,0.66667,0.66667,0.6666666666666666,0.6666666666666666,0.66667,0.66667,0.33333,[0.         0.33333333 0.33333333 1.         1.        ],[0.         0.         0.66666667 0.66666667 1.        ],0.5555555555555556
IsolationForest,20,0.625,0.66667,1.0,0.6,0.33333,1.0,0.44721,[0.         0.         0.66666667 0.66666667 1.        ],[0.         0.33333333 0.33333333 1.         1.        ],0.4444444444444445
Xgboost,20,0.625,0.66667,1.0,0.6,0.33333,1.0,0.44721,[0.         0.33333333 0.66666667 0.66666667 1.        ],[0. 0. 0. 1. 1.],0.6666666666666666
RandomForest,21,0.66667,0.66667,0.6666666666666666,0.6666666666666666,0.66667,0.66667,0.33333,[0.         0.66666667 1.        ],[0.         0.33333333 1.        ],0.6666666666666667
DecisionTree,21,0.82857,0.83333,1.0,0.75,0.66667,1.0,0.70711,[0.         0.66666667 1.         1.        ],[0.         0.         0.33333333 1.        ],0.9444444444444444
KNN,21,0.48571,0.5,0.5,0.5,0.33333,0.66667,0.0,[0.         0.         0.66666667 0.66666667 1.        ],[0.         0.33333333 0.33333333 1.         1.        ],0.4444444444444445
OneClassSVM,21,1.0,1.0,1.0,1.0,1.0,1.0,1.0,[0. 0. 0. 1.],[0.         0.33333333 1.         1.        ],0.0
LocalOutlierFactor,21,0.66667,0.66667,0.6666666666666666,0.6666666666666666,0.66667,0.66667,0.33333,[0.         0.33333333 0.33333333 1.         1.        ],[0.         0.         0.66666667 0.66666667 1.        ],0.5555555555555556
IsolationForest,21,0.33333,0.5,0.5,,1.0,0.0,0.0,"[0.         0.         0.33333333 0.33333333 0.66666667 0.66666667
 1.        ]","[0.         0.33333333 0.33333333 0.66666667 0.66666667 1.
 1.        ]",0.33333333333333337
Xgboost,21,0.66667,0.66667,0.6666666666666666,0.6666666666666666,0.66667,0.66667,0.33333,"[0.         0.33333333 0.33333333 0.66666667 0.66666667 1.
 1.        ]","[0.         0.         0.33333333 0.33333333 0.66666667 0.66666667
 1.        ]",0.6666666666666667
RandomForest,22,0.48571,0.5,0.5,0.5,0.33333,0.66667,0.0,[0.         0.33333333 1.        ],[0.         0.33333333 1.        ],0.5
DecisionTree,22,0.66667,0.66667,0.6666666666666666,0.6666666666666666,0.66667,0.66667,0.33333,[0.         0.66666667 0.66666667 1.         1.        ],[0.         0.         0.33333333 0.33333333 1.        ],0.888888888888889
KNN,22,0.33333,0.5,,0.5,0.0,1.0,0.0,[0. 1.],[0. 1.],0.5
OneClassSVM,22,0.33333,0.5,,0.5,0.0,1.0,0.0,[0. 0. 0. 1.],[0.         0.33333333 1.         1.        ],0.0
LocalOutlierFactor,22,0.25,0.33333,0.4,0.0,0.66667,0.0,-0.44721,[0.         0.33333333 0.33333333 1.         1.        ],[0.         0.         0.66666667 0.66666667 1.        ],0.5555555555555556
IsolationForest,22,0.33333,0.5,0.5,,1.0,0.0,0.0,[0.         0.         0.         0.33333333 0.33333333 1.        ],[0.         0.33333333 0.66666667 0.66666667 1.         1.        ],0.11111111111111112
Xgboost,22,0.66667,0.66667,0.6666666666666666,0.6666666666666666,0.66667,0.66667,0.33333,[0.         0.33333333 0.66666667 0.66666667 1.        ],[0. 0. 0. 1. 1.],0.6666666666666666
RandomForest,23,0.625,0.66667,1.0,0.6,0.33333,1.0,0.44721,[0.         0.33333333 1.        ],[0. 0. 1.],0.6666666666666666
DecisionTree,23,0.66667,0.66667,0.6666666666666666,0.6666666666666666,0.66667,0.66667,0.33333,[0.         0.66666667 0.66666667 1.         1.        ],[0.         0.         0.33333333 0.33333333 1.        ],0.888888888888889
KNN,23,0.625,0.66667,1.0,0.6,0.33333,1.0,0.44721,[0.         0.33333333 0.66666667 1.        ],[0.         0.         0.66666667 1.        ],0.6111111111111112
OneClassSVM,23,0.33333,0.5,,0.5,0.0,1.0,0.0,[0.         0.66666667 1.        ],[0. 1. 1.],0.3333333333333333
LocalOutlierFactor,23,0.66667,0.66667,0.6666666666666666,0.6666666666666666,0.66667,0.66667,0.33333,[0.         0.33333333 0.33333333 1.         1.        ],[0.         0.         0.66666667 0.66666667 1.        ],0.5555555555555556
IsolationForest,23,0.33333,0.5,0.5,,1.0,0.0,0.0,[0. 0. 0. 1.],[0.         0.33333333 1.         1.        ],0.0
Xgboost,23,0.66667,0.66667,0.6666666666666666,0.6666666666666666,0.66667,0.66667,0.33333,[0.         0.33333333 0.33333333 0.66666667 0.66666667 1.        ],[0.         0.         0.33333333 0.33333333 1.         1.        ],0.5555555555555556
RandomForest,24,0.625,0.66667,1.0,0.6,0.33333,1.0,0.44721,[0.         0.33333333 0.66666667 0.66666667 1.        ],[0.         0.         0.33333333 1.         1.        ],0.6111111111111112
DecisionTree,24,0.82857,0.83333,1.0,0.75,0.66667,1.0,0.70711,[0.         0.66666667 1.         1.        ],[0.         0.         0.33333333 1.        ],0.9444444444444444
KNN,24,0.33333,0.5,,0.5,0.0,1.0,0.0,[0. 1.],[0. 1.],0.5
OneClassSVM,24,0.625,0.66667,1.0,0.6,0.33333,1.0,0.44721,[0. 0. 0. 1.],[0.         0.33333333 1.         1.        ],0.0
LocalOutlierFactor,24,0.66667,0.66667,0.6666666666666666,0.6666666666666666,0.66667,0.66667,0.33333,[0.         0.33333333 0.33333333 1.         1.        ],[0.         0.         0.66666667 0.66666667 1.        ],0.5555555555555556
IsolationForest,24,0.33333,0.5,0.5,,1.0,0.0,0.0,[0. 0. 0. 1.],[0.         0.33333333 1.         1.        ],0.0
Xgboost,24,0.48571,0.5,0.5,0.5,0.66667,0.33333,0.0,[0.         0.33333333 0.33333333 0.66666667 0.66666667 1.        ],[0.         0.         0.66666667 0.66666667 1.         1.        ],0.4444444444444444
RandomForest,25,0.66667,0.66667,0.6666666666666666,0.6666666666666666,0.66667,0.66667,0.33333,[0.         0.33333333 0.66666667 0.66666667 1.        ],[0.         0.         0.         0.66666667 1.        ],0.7222222222222222
DecisionTree,25,0.82857,0.83333,1.0,0.75,0.66667,1.0,0.70711,[0.         0.66666667 1.         1.        ],[0.         0.         0.33333333 1.        ],0.9444444444444444
KNN,25,0.33333,0.5,,0.5,0.0,1.0,0.0,[0.         0.66666667 1.         1.        ],[0.         0.66666667 0.66666667 1.        ],0.5555555555555556
OneClassSVM,25,0.625,0.66667,1.0,0.6,0.33333,1.0,0.44721,[0. 0. 0. 1.],[0.         0.33333333 1.         1.        ],0.0
LocalOutlierFactor,25,0.66667,0.66667,0.6666666666666666,0.6666666666666666,0.66667,0.66667,0.33333,[0.         0.33333333 0.33333333 1.         1.        ],[0.         0.         0.66666667 0.66666667 1.        ],0.5555555555555556
IsolationForest,25,0.625,0.66667,1.0,0.6,0.33333,1.0,0.44721,[0. 0. 0. 1.],[0.         0.33333333 1.         1.        ],0.0
Xgboost,25,0.48571,0.5,0.5,0.5,0.33333,0.66667,0.0,"[0.         0.33333333 0.33333333 0.66666667 0.66666667 1.
 1.        ]","[0.         0.         0.33333333 0.33333333 0.66666667 0.66666667
 1.        ]",0.6666666666666667
RandomForest,26,0.48571,0.5,0.5,0.5,0.33333,0.66667,0.0,[0.         0.33333333 1.        ],[0.         0.33333333 1.        ],0.5
DecisionTree,26,0.82857,0.83333,1.0,0.75,0.66667,1.0,0.70711,[0.         0.66666667 1.         1.        ],[0.         0.         0.33333333 1.        ],0.9444444444444444
KNN,26,0.625,0.66667,1.0,0.6,0.33333,1.0,0.44721,[0.         0.33333333 1.         1.        ],[0.         0.         0.66666667 1.        ],0.7777777777777778
OneClassSVM,26,0.33333,0.5,,0.5,0.0,1.0,0.0,[0.         0.66666667 1.        ],[0. 1. 1.],0.3333333333333333
LocalOutlierFactor,26,0.66667,0.66667,0.6666666666666666,0.6666666666666666,0.66667,0.66667,0.33333,[0.         0.33333333 0.33333333 1.         1.        ],[0.         0.         0.66666667 0.66666667 1.        ],0.5555555555555556
IsolationForest,26,0.33333,0.5,0.5,,1.0,0.0,0.0,[0. 0. 0. 1.],[0.         0.33333333 1.         1.        ],0.0
Xgboost,26,0.66667,0.66667,0.6666666666666666,0.6666666666666666,0.66667,0.66667,0.33333,[0.         0.33333333 0.33333333 1.         1.        ],[0.         0.         0.33333333 0.33333333 1.        ],0.7777777777777779
RandomForest,27,0.625,0.66667,1.0,0.6,0.33333,1.0,0.44721,[0.         0.33333333 0.66666667 1.        ],[0.         0.         0.66666667 1.        ],0.6111111111111112
DecisionTree,27,0.82857,0.83333,1.0,0.75,0.66667,1.0,0.70711,[0.         0.66666667 1.         1.        ],[0.         0.         0.33333333 1.        ],0.9444444444444444
KNN,27,0.625,0.66667,1.0,0.6,0.33333,1.0,0.44721,[0.         0.33333333 0.33333333 0.66666667 0.66666667 1.        ],[0.         0.         0.33333333 0.33333333 1.         1.        ],0.5555555555555556
OneClassSVM,27,1.0,1.0,1.0,1.0,1.0,1.0,1.0,[0. 0. 0. 1.],[0.         0.33333333 1.         1.        ],0.0
LocalOutlierFactor,27,0.66667,0.66667,0.6666666666666666,0.6666666666666666,0.66667,0.66667,0.33333,[0.         0.33333333 0.33333333 1.         1.        ],[0.         0.         0.66666667 0.66666667 1.        ],0.5555555555555556
IsolationForest,27,0.625,0.66667,1.0,0.6,0.33333,1.0,0.44721,[0.         0.         0.33333333 0.33333333 1.        ],[0.         0.33333333 0.33333333 1.         1.        ],0.22222222222222224
Xgboost,27,0.48571,0.5,0.5,0.5,0.66667,0.33333,0.0,[0.         0.33333333 0.33333333 0.66666667 0.66666667 1.        ],[0.         0.         0.66666667 0.66666667 1.         1.        ],0.4444444444444444
RandomForest,28,0.82857,0.83333,1.0,0.75,0.66667,1.0,0.70711,[0.         0.33333333 0.66666667 0.66666667 1.        ],[0. 0. 0. 1. 1.],0.6666666666666666
DecisionTree,28,0.82857,0.83333,1.0,0.75,0.66667,1.0,0.70711,[0.         0.66666667 1.         1.        ],[0.         0.         0.33333333 1.        ],0.9444444444444444
KNN,28,0.625,0.66667,1.0,0.6,0.33333,1.0,0.44721,[0.         0.33333333 0.33333333 0.66666667 0.66666667 1.        ],[0.         0.         0.33333333 0.33333333 1.         1.        ],0.5555555555555556
OneClassSVM,28,0.33333,0.5,,0.5,0.0,1.0,0.0,[0. 1.],[0. 1.],0.5
LocalOutlierFactor,28,0.66667,0.66667,0.6666666666666666,0.6666666666666666,0.66667,0.66667,0.33333,[0.         0.33333333 0.33333333 1.         1.        ],[0.         0.         0.66666667 0.66666667 1.        ],0.5555555555555556
IsolationForest,28,0.625,0.66667,1.0,0.6,0.33333,1.0,0.44721,[0. 0. 0. 1.],[0.         0.33333333 1.         1.        ],0.0
Xgboost,28,0.66667,0.66667,0.6666666666666666,0.6666666666666666,0.66667,0.66667,0.33333,[0.         0.33333333 0.33333333 0.66666667 0.66666667 1.        ],[0.         0.         0.33333333 0.33333333 1.         1.        ],0.5555555555555556
RandomForest,29,0.82857,0.83333,1.0,0.75,0.66667,1.0,0.70711,[0.         0.33333333 0.66666667 1.         1.        ],[0.         0.         0.         0.33333333 1.        ],0.9444444444444444
DecisionTree,29,0.82857,0.83333,1.0,0.75,0.66667,1.0,0.70711,[0.         0.66666667 1.         1.        ],[0.         0.         0.33333333 1.        ],0.9444444444444444
KNN,29,0.48571,0.5,0.5,0.5,0.33333,0.66667,0.0,[0.         0.33333333 1.        ],[0.         0.33333333 1.        ],0.5
OneClassSVM,29,0.33333,0.5,,0.5,0.0,1.0,0.0,[0. 0. 0. 1.],[0.         0.33333333 1.         1.        ],0.0
LocalOutlierFactor,29,0.66667,0.66667,0.6666666666666666,0.6666666666666666,0.66667,0.66667,0.33333,[0.         0.33333333 0.33333333 1.         1.        ],[0.         0.         0.66666667 0.66666667 1.        ],0.5555555555555556
IsolationForest,29,0.82857,0.83333,1.0,0.75,0.66667,1.0,0.70711,[0. 0. 0. 1.],[0.         0.33333333 1.         1.        ],0.0
Xgboost,29,0.82857,0.83333,1.0,0.75,0.66667,1.0,0.70711,[0.         0.33333333 0.66666667 0.66666667 1.        ],[0. 0. 0. 1. 1.],0.6666666666666666
RandomForest,30,0.48571,0.5,0.5,0.5,0.33333,0.66667,0.0,[0.         0.33333333 1.        ],[0.         0.33333333 1.        ],0.5
DecisionTree,30,0.82857,0.83333,1.0,0.75,0.66667,1.0,0.70711,[0.         0.66666667 1.         1.        ],[0.         0.         0.33333333 1.        ],0.9444444444444444
KNN,30,0.625,0.66667,1.0,0.6,0.33333,1.0,0.44721,[0.         0.33333333 1.         1.        ],[0.         0.         0.66666667 1.        ],0.7777777777777778
OneClassSVM,30,1.0,1.0,1.0,1.0,1.0,1.0,1.0,[0. 0. 0. 1.],[0.         0.33333333 1.         1.        ],0.0
LocalOutlierFactor,30,0.66667,0.66667,0.6666666666666666,0.6666666666666666,0.66667,0.66667,0.33333,[0.         0.33333333 0.33333333 1.         1.        ],[0.         0.         0.66666667 0.66666667 1.        ],0.5555555555555556
IsolationForest,30,0.33333,0.5,,0.5,0.0,1.0,0.0,[0.         0.33333333 0.66666667 0.66666667 1.         1.        ],[0.         0.         0.         0.66666667 0.66666667 1.        ],0.7777777777777778
Xgboost,30,0.66667,0.66667,0.6666666666666666,0.6666666666666666,0.66667,0.66667,0.33333,[0.         0.33333333 0.66666667 0.66666667 1.        ],[0. 0. 0. 1. 1.],0.6666666666666666
RandomForest,31,0.625,0.66667,1.0,0.6,0.33333,1.0,0.44721,[0.         0.33333333 0.33333333 1.         1.        ],[0.         0.         0.33333333 0.33333333 1.        ],0.7777777777777779
DecisionTree,31,0.82857,0.83333,1.0,0.75,0.66667,1.0,0.70711,[0.         0.66666667 1.         1.        ],[0.         0.         0.33333333 1.        ],0.9444444444444444
KNN,31,0.625,0.66667,1.0,0.6,0.33333,1.0,0.44721,[0.         0.33333333 1.        ],[0. 0. 1.],0.6666666666666666
OneClassSVM,31,0.625,0.66667,1.0,0.6,0.33333,1.0,0.44721,[0. 0. 0. 1.],[0.         0.33333333 1.         1.        ],0.0
LocalOutlierFactor,31,0.25,0.33333,0.4,0.0,0.66667,0.0,-0.44721,[0.         0.33333333 0.33333333 1.         1.        ],[0.         0.         0.66666667 0.66666667 1.        ],0.5555555555555556
IsolationForest,31,0.33333,0.5,0.5,,1.0,0.0,0.0,"[0.         0.         0.33333333 0.33333333 0.66666667 0.66666667
 1.        ]","[0.         0.33333333 0.33333333 0.66666667 0.66666667 1.
 1.        ]",0.33333333333333337
Xgboost,31,0.66667,0.66667,0.6666666666666666,0.6666666666666666,0.66667,0.66667,0.33333,[0.         0.33333333 0.66666667 0.66666667 1.        ],[0. 0. 0. 1. 1.],0.6666666666666666
RandomForest,32,0.25,0.33333,0.0,0.4,0.0,0.66667,-0.44721,[0. 0. 1. 1.],[0.         0.33333333 0.33333333 1.        ],0.6666666666666667
DecisionTree,32,0.82857,0.83333,1.0,0.75,0.66667,1.0,0.70711,[0.         0.66666667 1.         1.        ],[0.         0.         0.33333333 1.        ],0.9444444444444444
KNN,32,0.625,0.66667,1.0,0.6,0.33333,1.0,0.44721,[0.         0.33333333 0.33333333 1.         1.        ],[0.         0.         0.33333333 0.33333333 1.        ],0.7777777777777779
OneClassSVM,32,0.33333,0.5,,0.5,0.0,1.0,0.0,[0.         0.66666667 1.        ],[0. 1. 1.],0.3333333333333333
LocalOutlierFactor,32,0.66667,0.66667,0.6666666666666666,0.6666666666666666,0.66667,0.66667,0.33333,[0.         0.33333333 0.33333333 1.         1.        ],[0.         0.         0.66666667 0.66666667 1.        ],0.5555555555555556
IsolationForest,32,0.33333,0.5,0.5,,1.0,0.0,0.0,[0. 0. 0. 1.],[0.         0.33333333 1.         1.        ],0.0
Xgboost,32,0.66667,0.66667,0.6666666666666666,0.6666666666666666,0.66667,0.66667,0.33333,[0.         0.33333333 0.33333333 0.66666667 0.66666667 1.        ],[0.         0.         0.33333333 0.33333333 1.         1.        ],0.5555555555555556
RandomForest,33,0.82857,0.83333,1.0,0.75,0.66667,1.0,0.70711,[0.         0.66666667 1.         1.        ],[0.         0.         0.33333333 1.        ],0.9444444444444444
DecisionTree,33,0.82857,0.83333,1.0,0.75,0.66667,1.0,0.70711,[0.         0.66666667 1.         1.        ],[0.         0.         0.33333333 1.        ],0.9444444444444444
KNN,33,0.625,0.66667,1.0,0.6,0.33333,1.0,0.44721,[0.         0.33333333 0.33333333 1.         1.        ],[0.         0.         0.33333333 0.33333333 1.        ],0.7777777777777779
OneClassSVM,33,0.625,0.66667,1.0,0.6,0.33333,1.0,0.44721,[0. 0. 0. 1.],[0.         0.33333333 1.         1.        ],0.0
LocalOutlierFactor,33,0.25,0.33333,0.4,0.0,0.66667,0.0,-0.44721,[0.         0.33333333 1.         1.        ],[0. 0. 0. 1.],1.0
IsolationForest,33,0.33333,0.5,0.5,,1.0,0.0,0.0,[0.         0.33333333 1.         1.        ],[0. 0. 0. 1.],1.0
Xgboost,33,0.66667,0.66667,0.6666666666666666,0.6666666666666666,0.66667,0.66667,0.33333,[0.         0.33333333 0.66666667 0.66666667 1.        ],[0. 0. 0. 1. 1.],0.6666666666666666
RandomForest,34,0.66667,0.66667,0.6666666666666666,0.6666666666666666,0.66667,0.66667,0.33333,"[0.         0.33333333 0.33333333 0.66666667 0.66666667 1.
 1.        ]","[0.         0.         0.33333333 0.33333333 0.66666667 0.66666667
 1.        ]",0.6666666666666667
DecisionTree,34,0.82857,0.83333,1.0,0.75,0.66667,1.0,0.70711,[0.         0.66666667 1.        ],[0. 0. 1.],0.8333333333333333
KNN,34,0.625,0.66667,1.0,0.6,0.33333,1.0,0.44721,[0.         0.33333333 0.33333333 0.66666667 0.66666667 1.        ],[0.         0.         0.33333333 0.33333333 1.         1.        ],0.5555555555555556
OneClassSVM,34,0.33333,0.5,,0.5,0.0,1.0,0.0,[0.         0.66666667 1.        ],[0. 1. 1.],0.3333333333333333
LocalOutlierFactor,34,0.66667,0.66667,0.6666666666666666,0.6666666666666666,0.66667,0.66667,0.33333,[0.         0.33333333 0.33333333 1.         1.        ],[0.         0.         0.66666667 0.66666667 1.        ],0.5555555555555556
IsolationForest,34,0.33333,0.5,0.5,,1.0,0.0,0.0,[0. 0. 0. 1.],[0.         0.33333333 1.         1.        ],0.0
Xgboost,34,0.48571,0.5,0.5,0.5,0.33333,0.66667,0.0,"[0.         0.33333333 0.33333333 0.66666667 0.66666667 1.
 1.        ]","[0.         0.         0.33333333 0.33333333 0.66666667 0.66666667
 1.        ]",0.6666666666666667
RandomForest,35,0.82857,0.83333,1.0,0.75,0.66667,1.0,0.70711,[0.         0.66666667 0.66666667 1.        ],[0.         0.         0.33333333 1.        ],0.7777777777777778
DecisionTree,35,0.82857,0.83333,1.0,0.75,0.66667,1.0,0.70711,[0.         0.66666667 1.         1.        ],[0.         0.         0.33333333 1.        ],0.9444444444444444
KNN,35,0.625,0.66667,1.0,0.6,0.33333,1.0,0.44721,[0.         0.33333333 0.66666667 1.        ],[0.         0.         0.66666667 1.        ],0.6111111111111112
OneClassSVM,35,0.625,0.66667,1.0,0.6,0.33333,1.0,0.44721,[0. 0. 0. 1.],[0.         0.33333333 1.         1.        ],0.0
LocalOutlierFactor,35,0.66667,0.66667,0.6666666666666666,0.6666666666666666,0.66667,0.66667,0.33333,[0.         0.33333333 0.33333333 1.         1.        ],[0.         0.         0.66666667 0.66666667 1.        ],0.5555555555555556
IsolationForest,35,0.33333,0.5,0.5,,1.0,0.0,0.0,[0. 0. 0. 1.],[0.         0.33333333 1.         1.        ],0.0
Xgboost,35,0.66667,0.66667,0.6666666666666666,0.6666666666666666,0.66667,0.66667,0.33333,[0.         0.33333333 0.33333333 0.66666667 0.66666667 1.        ],[0.         0.         0.33333333 0.33333333 1.         1.        ],0.5555555555555556
RandomForest,36,0.625,0.66667,1.0,0.6,0.33333,1.0,0.44721,[0.         0.33333333 0.66666667 0.66666667 1.         1.        ],[0.         0.         0.         0.33333333 0.33333333 1.        ],0.888888888888889
DecisionTree,36,0.82857,0.83333,1.0,0.75,0.66667,1.0,0.70711,[0.         0.66666667 0.66666667 1.        ],[0.         0.         0.33333333 1.        ],0.7777777777777778
KNN,36,0.625,0.66667,1.0,0.6,0.33333,1.0,0.44721,[0.         0.33333333 1.         1.        ],[0.         0.         0.66666667 1.        ],0.7777777777777778
OneClassSVM,36,0.33333,0.5,,0.5,0.0,1.0,0.0,[0.         0.66666667 1.        ],[0. 1. 1.],0.3333333333333333
LocalOutlierFactor,36,0.25,0.33333,0.4,0.0,0.66667,0.0,-0.44721,[0.         0.33333333 0.33333333 1.         1.        ],[0.         0.         0.66666667 0.66666667 1.        ],0.5555555555555556
IsolationForest,36,0.33333,0.5,0.5,,1.0,0.0,0.0,"[0.         0.         0.33333333 0.33333333 0.66666667 0.66666667
 1.        ]","[0.         0.33333333 0.33333333 0.66666667 0.66666667 1.
 1.        ]",0.33333333333333337
Xgboost,36,0.48571,0.5,0.5,0.5,0.33333,0.66667,0.0,[0.         0.33333333 0.33333333 0.66666667 0.66666667 1.        ],[0.         0.         0.66666667 0.66666667 1.         1.        ],0.4444444444444444
RandomForest,37,0.625,0.66667,1.0,0.6,0.33333,1.0,0.44721,[0.         0.33333333 1.         1.         1.        ],[0.         0.         0.         0.66666667 1.        ],1.0
DecisionTree,37,0.82857,0.83333,1.0,0.75,0.66667,1.0,0.70711,[0.         0.66666667 1.         1.        ],[0.         0.         0.33333333 1.        ],0.9444444444444444
KNN,37,0.48571,0.5,0.5,0.5,0.33333,0.66667,0.0,[0.         0.33333333 1.        ],[0.         0.33333333 1.        ],0.5
OneClassSVM,37,0.625,0.66667,1.0,0.6,0.33333,1.0,0.44721,[0. 0. 0. 1.],[0.         0.33333333 1.         1.        ],0.0
LocalOutlierFactor,37,0.66667,0.66667,0.6666666666666666,0.6666666666666666,0.66667,0.66667,0.33333,[0.         0.33333333 0.33333333 1.         1.        ],[0.         0.         0.66666667 0.66666667 1.        ],0.5555555555555556
IsolationForest,37,0.82857,0.83333,1.0,0.75,0.66667,1.0,0.70711,[0.         0.         0.         0.33333333 0.33333333 1.        ],[0.         0.33333333 0.66666667 0.66666667 1.         1.        ],0.11111111111111112
Xgboost,37,0.625,0.66667,1.0,0.6,0.33333,1.0,0.44721,[0.         0.33333333 0.33333333 0.66666667 0.66666667 1.        ],[0.         0.         0.33333333 0.33333333 1.         1.        ],0.5555555555555556
RandomForest,38,0.82857,0.83333,1.0,0.75,0.66667,1.0,0.70711,[0.         0.33333333 0.66666667 0.66666667 1.         1.        ],[0.         0.         0.         0.33333333 0.33333333 1.        ],0.888888888888889
DecisionTree,38,0.82857,0.83333,0.75,1.0,1.0,0.66667,0.70711,[0.         0.66666667 1.         1.        ],[0.         0.         0.33333333 1.        ],0.9444444444444444
KNN,38,0.48571,0.5,0.5,0.5,0.33333,0.66667,0.0,[0.         0.33333333 1.        ],[0.         0.33333333 1.        ],0.5
OneClassSVM,38,0.33333,0.5,,0.5,0.0,1.0,0.0,[0. 0. 0. 1.],[0.         0.66666667 1.         1.        ],0.0
LocalOutlierFactor,38,0.66667,0.66667,0.6666666666666666,0.6666666666666666,0.66667,0.66667,0.33333,[0.         0.33333333 0.33333333 1.         1.        ],[0.         0.         0.66666667 0.66666667 1.        ],0.5555555555555556
IsolationForest,38,0.33333,0.5,0.5,,1.0,0.0,0.0,[0.         0.         0.         0.33333333 0.33333333 1.        ],[0.         0.33333333 0.66666667 0.66666667 1.         1.        ],0.11111111111111112
Xgboost,38,0.66667,0.66667,0.6666666666666666,0.6666666666666666,0.66667,0.66667,0.33333,[0.         0.33333333 0.33333333 0.66666667 0.66666667 1.        ],[0.         0.         0.33333333 0.33333333 1.         1.        ],0.5555555555555556
RandomForest,39,0.82857,0.83333,1.0,0.75,0.66667,1.0,0.70711,[0.         0.33333333 0.66666667 1.        ],[0. 0. 0. 1.],0.8333333333333333
DecisionTree,39,0.82857,0.83333,1.0,0.75,0.66667,1.0,0.70711,[0.         0.66666667 1.         1.        ],[0.         0.         0.33333333 1.        ],0.9444444444444444
KNN,39,0.625,0.66667,1.0,0.6,0.33333,1.0,0.44721,[0.         0.33333333 1.         1.        ],[0.         0.         0.66666667 1.        ],0.7777777777777778
OneClassSVM,39,0.33333,0.5,,0.5,0.0,1.0,0.0,[0.         0.66666667 1.        ],[0. 1. 1.],0.3333333333333333
LocalOutlierFactor,39,0.66667,0.66667,0.6666666666666666,0.6666666666666666,0.66667,0.66667,0.33333,[0.         0.33333333 0.33333333 1.         1.        ],[0.         0.         0.66666667 0.66666667 1.        ],0.5555555555555556
IsolationForest,39,0.625,0.66667,1.0,0.6,0.33333,1.0,0.44721,[0. 0. 0. 1.],[0.         0.33333333 1.         1.        ],0.0
Xgboost,39,0.66667,0.66667,0.6666666666666666,0.6666666666666666,0.66667,0.66667,0.33333,[0.         0.33333333 0.66666667 0.66666667 1.        ],[0. 0. 0. 1. 1.],0.6666666666666666
RandomForest,40,0.625,0.66667,1.0,0.6,0.33333,1.0,0.44721,[0.         0.33333333 0.66666667 1.        ],[0. 0. 0. 1.],0.8333333333333333
DecisionTree,40,0.82857,0.83333,1.0,0.75,0.66667,1.0,0.70711,[0.         0.66666667 1.         1.        ],[0.         0.         0.33333333 1.        ],0.9444444444444444
KNN,40,0.48571,0.5,0.5,0.5,0.33333,0.66667,0.0,[0.         0.33333333 1.        ],[0.         0.33333333 1.        ],0.5
OneClassSVM,40,0.33333,0.5,,0.5,0.0,1.0,0.0,[0.         0.66666667 1.        ],[0. 1. 1.],0.3333333333333333
LocalOutlierFactor,40,0.25,0.33333,0.4,0.0,0.66667,0.0,-0.44721,[0.         0.33333333 0.33333333 1.         1.        ],[0.         0.         0.66666667 0.66666667 1.        ],0.5555555555555556
IsolationForest,40,0.33333,0.5,0.5,,1.0,0.0,0.0,[0. 0. 0. 1.],[0.         0.33333333 1.         1.        ],0.0
Xgboost,40,0.33333,0.33333,0.3333333333333333,0.3333333333333333,0.33333,0.33333,-0.33333,[0.         0.33333333 0.33333333 0.66666667 0.66666667 1.        ],[0.         0.         0.66666667 0.66666667 1.         1.        ],0.4444444444444444
RandomForest,41,0.82857,0.83333,1.0,0.75,0.66667,1.0,0.70711,[0.         0.66666667 1.         1.        ],[0.         0.         0.33333333 1.        ],0.9444444444444444
DecisionTree,41,0.82857,0.83333,1.0,0.75,0.66667,1.0,0.70711,[0.         0.66666667 1.         1.        ],[0.         0.         0.33333333 1.        ],0.9444444444444444
KNN,41,0.48571,0.5,0.5,0.5,0.33333,0.66667,0.0,[0.         0.33333333 1.        ],[0.         0.33333333 1.        ],0.5
OneClassSVM,41,0.33333,0.5,,0.5,0.0,1.0,0.0,[0.         0.66666667 1.        ],[0. 1. 1.],0.3333333333333333
LocalOutlierFactor,41,0.66667,0.66667,0.6666666666666666,0.6666666666666666,0.66667,0.66667,0.33333,[0.         0.33333333 0.33333333 1.         1.        ],[0.         0.         0.66666667 0.66666667 1.        ],0.5555555555555556
IsolationForest,41,0.33333,0.5,0.5,,1.0,0.0,0.0,[0.         0.33333333 0.66666667 0.66666667 1.         1.        ],[0.         0.         0.         0.33333333 0.33333333 1.        ],0.888888888888889
Xgboost,41,0.48571,0.5,0.5,0.5,0.33333,0.66667,0.0,[0.         0.33333333 0.33333333 0.66666667 0.66666667 1.        ],[0.         0.         0.66666667 0.66666667 1.         1.        ],0.4444444444444444
RandomForest,42,0.625,0.66667,1.0,0.6,0.33333,1.0,0.44721,[0.         0.33333333 1.         1.        ],[0. 0. 0. 1.],1.0
DecisionTree,42,0.82857,0.83333,1.0,0.75,0.66667,1.0,0.70711,[0.         0.66666667 1.         1.        ],[0.         0.         0.33333333 1.        ],0.9444444444444444
KNN,42,0.625,0.66667,1.0,0.6,0.33333,1.0,0.44721,[0.         0.33333333 0.33333333 0.66666667 0.66666667 1.        ],[0.         0.         0.33333333 0.33333333 1.         1.        ],0.5555555555555556
OneClassSVM,42,0.625,0.66667,1.0,0.6,0.33333,1.0,0.44721,[0. 0. 0. 1.],[0.         0.33333333 1.         1.        ],0.0
LocalOutlierFactor,42,0.25,0.33333,0.4,0.0,0.66667,0.0,-0.44721,[0.         0.33333333 0.33333333 1.         1.        ],[0.         0.         0.66666667 0.66666667 1.        ],0.5555555555555556
IsolationForest,42,0.82857,0.83333,1.0,0.75,0.66667,1.0,0.70711,[0. 0. 0. 1.],[0.         0.33333333 1.         1.        ],0.0
Xgboost,42,0.48571,0.5,0.5,0.5,0.33333,0.66667,0.0,[0.         0.33333333 0.33333333 0.66666667 0.66666667 1.        ],[0.         0.         0.33333333 0.33333333 1.         1.        ],0.5555555555555556
RandomForest,43,0.82857,0.83333,1.0,0.75,0.66667,1.0,0.70711,[0.         0.66666667 1.         1.        ],[0.         0.         0.66666667 1.        ],0.8888888888888888
DecisionTree,43,0.82857,0.83333,1.0,0.75,0.66667,1.0,0.70711,[0.         0.66666667 1.         1.        ],[0.         0.         0.33333333 1.        ],0.9444444444444444
KNN,43,0.33333,0.5,,0.5,0.0,1.0,0.0,[0. 1.],[0. 1.],0.5
OneClassSVM,43,0.33333,0.5,,0.5,0.0,1.0,0.0,[0.         0.66666667 1.        ],[0. 1. 1.],0.3333333333333333
LocalOutlierFactor,43,0.25,0.33333,0.4,0.0,0.66667,0.0,-0.44721,[0.         0.33333333 0.33333333 1.         1.        ],[0.         0.         0.66666667 0.66666667 1.        ],0.5555555555555556
IsolationForest,43,0.82857,0.83333,1.0,0.75,0.66667,1.0,0.70711,[0. 0. 0. 1.],[0.         0.33333333 1.         1.        ],0.0
Xgboost,43,0.66667,0.66667,0.6666666666666666,0.6666666666666666,0.66667,0.66667,0.33333,[0.         0.33333333 0.33333333 0.66666667 0.66666667 1.        ],[0.         0.         0.33333333 0.33333333 1.         1.        ],0.5555555555555556
RandomForest,44,0.82857,0.83333,1.0,0.75,0.66667,1.0,0.70711,[0.         0.33333333 1.         1.        ],[0. 0. 0. 1.],1.0
DecisionTree,44,0.82857,0.83333,1.0,0.75,0.66667,1.0,0.70711,[0.         0.66666667 1.         1.        ],[0.         0.         0.33333333 1.        ],0.9444444444444444
KNN,44,0.48571,0.5,0.5,0.5,0.33333,0.66667,0.0,[0.         0.33333333 1.        ],[0.         0.33333333 1.        ],0.5
OneClassSVM,44,0.625,0.66667,1.0,0.6,0.33333,1.0,0.44721,[0. 0. 0. 1.],[0.         0.33333333 1.         1.        ],0.0
LocalOutlierFactor,44,0.66667,0.66667,0.6666666666666666,0.6666666666666666,0.66667,0.66667,0.33333,[0.         0.33333333 0.33333333 1.         1.        ],[0.         0.         0.66666667 0.66666667 1.        ],0.5555555555555556
IsolationForest,44,0.82857,0.83333,1.0,0.75,0.66667,1.0,0.70711,[0. 0. 0. 1.],[0.         0.33333333 1.         1.        ],0.0
Xgboost,44,0.625,0.66667,1.0,0.6,0.33333,1.0,0.44721,[0.         0.33333333 0.33333333 1.         1.        ],[0.         0.         0.33333333 0.33333333 1.        ],0.7777777777777779
RandomForest,45,0.25,0.33333,0.4,0.0,0.66667,0.0,-0.44721,[0.         0.66666667 1.        ],[0. 1. 1.],0.3333333333333333
DecisionTree,45,0.82857,0.83333,1.0,0.75,0.66667,1.0,0.70711,[0.         0.66666667 1.         1.        ],[0.         0.         0.33333333 1.        ],0.9444444444444444
KNN,45,0.48571,0.5,0.5,0.5,0.33333,0.66667,0.0,[0.         0.33333333 0.33333333 0.66666667 0.66666667 1.        ],[0.         0.         0.33333333 0.33333333 1.         1.        ],0.5555555555555556
OneClassSVM,45,1.0,1.0,1.0,1.0,1.0,1.0,1.0,[0. 0. 0. 1.],[0.         0.33333333 1.         1.        ],0.0
LocalOutlierFactor,45,0.66667,0.66667,0.6666666666666666,0.6666666666666666,0.66667,0.66667,0.33333,[0.         0.33333333 0.33333333 1.         1.        ],[0.         0.         0.66666667 0.66666667 1.        ],0.5555555555555556
IsolationForest,45,0.33333,0.5,0.5,,1.0,0.0,0.0,[0. 0. 0. 1.],[0.         0.33333333 1.         1.        ],0.0
Xgboost,45,0.66667,0.66667,0.6666666666666666,0.6666666666666666,0.66667,0.66667,0.33333,"[0.         0.33333333 0.33333333 0.66666667 0.66666667 1.
 1.        ]","[0.         0.         0.33333333 0.33333333 0.66666667 0.66666667
 1.        ]",0.6666666666666667
RandomForest,46,0.82857,0.83333,1.0,0.75,0.66667,1.0,0.70711,[0.         0.33333333 0.66666667 1.         1.        ],[0.         0.         0.         0.66666667 1.        ],0.8888888888888888
DecisionTree,46,0.82857,0.83333,1.0,0.75,0.66667,1.0,0.70711,[0.         0.66666667 1.         1.        ],[0.         0.         0.33333333 1.        ],0.9444444444444444
KNN,46,0.48571,0.5,0.5,0.5,0.33333,0.66667,0.0,[0.         0.33333333 1.        ],[0.         0.33333333 1.        ],0.5
OneClassSVM,46,0.625,0.66667,1.0,0.6,0.33333,1.0,0.44721,[0. 0. 0. 1.],[0.         0.33333333 1.         1.        ],0.0
LocalOutlierFactor,46,0.66667,0.66667,0.6666666666666666,0.6666666666666666,0.66667,0.66667,0.33333,[0.         0.33333333 0.33333333 1.         1.        ],[0.         0.         0.66666667 0.66666667 1.        ],0.5555555555555556
IsolationForest,46,0.33333,0.5,0.5,,1.0,0.0,0.0,[0.         0.         0.         0.33333333 0.33333333 1.        ],[0.         0.33333333 0.66666667 0.66666667 1.         1.        ],0.11111111111111112
Xgboost,46,0.66667,0.66667,0.6666666666666666,0.6666666666666666,0.66667,0.66667,0.33333,"[0.         0.33333333 0.33333333 0.66666667 0.66666667 1.
 1.        ]","[0.         0.         0.33333333 0.33333333 0.66666667 0.66666667
 1.        ]",0.6666666666666667
RandomForest,47,0.33333,0.5,,0.5,0.0,1.0,0.0,[0.         0.33333333 1.        ],[0.         0.66666667 1.        ],0.33333333333333337
DecisionTree,47,0.82857,0.83333,1.0,0.75,0.66667,1.0,0.70711,[0.         0.66666667 1.         1.        ],[0.         0.         0.33333333 1.        ],0.9444444444444444
KNN,47,0.48571,0.5,0.5,0.5,0.33333,0.66667,0.0,[0.         0.         0.66666667 0.66666667 1.        ],[0.         0.33333333 0.33333333 1.         1.        ],0.4444444444444445
OneClassSVM,47,0.33333,0.5,,0.5,0.0,1.0,0.0,[0. 0. 0. 1.],[0.         0.33333333 1.         1.        ],0.0
LocalOutlierFactor,47,0.25,0.33333,0.4,0.0,0.66667,0.0,-0.44721,[0.         0.33333333 0.33333333 1.         1.        ],[0.         0.         0.66666667 0.66666667 1.        ],0.5555555555555556
IsolationForest,47,0.33333,0.5,0.5,,1.0,0.0,0.0,[0. 0. 0. 1.],[0.         0.33333333 1.         1.        ],0.0
Xgboost,47,0.33333,0.33333,0.3333333333333333,0.3333333333333333,0.33333,0.33333,-0.33333,[0.         0.33333333 0.33333333 0.66666667 0.66666667 1.        ],[0.         0.         0.66666667 0.66666667 1.         1.        ],0.4444444444444444
RandomForest,48,0.625,0.66667,1.0,0.6,0.33333,1.0,0.44721,[0.         0.33333333 1.         1.        ],[0.         0.         0.33333333 1.        ],0.888888888888889
DecisionTree,48,0.82857,0.83333,1.0,0.75,0.66667,1.0,0.70711,[0.         0.66666667 1.         1.        ],[0.         0.         0.33333333 1.        ],0.9444444444444444
KNN,48,0.625,0.66667,1.0,0.6,0.33333,1.0,0.44721,[0.         0.33333333 0.33333333 1.        ],[0. 0. 1. 1.],0.3333333333333333
OneClassSVM,48,0.33333,0.5,,0.5,0.0,1.0,0.0,[0.         0.66666667 1.        ],[0. 1. 1.],0.3333333333333333
LocalOutlierFactor,48,0.25,0.33333,0.4,0.0,0.66667,0.0,-0.44721,[0.         0.33333333 0.33333333 1.         1.        ],[0.         0.         0.66666667 0.66666667 1.        ],0.5555555555555556
IsolationForest,48,0.82857,0.83333,1.0,0.75,0.66667,1.0,0.70711,[0. 0. 0. 1.],[0.         0.33333333 1.         1.        ],0.0
Xgboost,48,0.48571,0.5,0.5,0.5,0.33333,0.66667,0.0,[0. 0. 1. 1.],[0.         0.33333333 0.33333333 1.        ],0.6666666666666667
RandomForest,49,0.0,0.0,0.0,0.0,0.0,0.0,-1.0,[0. 0. 0. 1.],[0.         0.33333333 1.         1.        ],0.0
DecisionTree,49,0.82857,0.83333,1.0,0.75,0.66667,1.0,0.70711,[0.         0.66666667 1.        ],[0. 0. 1.],0.8333333333333333
KNN,49,0.625,0.66667,1.0,0.6,0.33333,1.0,0.44721,[0.         0.33333333 0.33333333 1.        ],[0. 0. 1. 1.],0.3333333333333333
OneClassSVM,49,0.33333,0.5,,0.5,0.0,1.0,0.0,[0.         0.66666667 1.        ],[0. 1. 1.],0.3333333333333333
LocalOutlierFactor,49,0.66667,0.66667,0.6666666666666666,0.6666666666666666,0.66667,0.66667,0.33333,[0.         0.33333333 0.33333333 1.         1.        ],[0.         0.         0.66666667 0.66666667 1.        ],0.5555555555555556
IsolationForest,49,0.625,0.66667,1.0,0.6,0.33333,1.0,0.44721,[0. 0. 0. 1.],[0.         0.33333333 1.         1.        ],0.0
Xgboost,49,0.625,0.66667,1.0,0.6,0.33333,1.0,0.44721,[0.         0.33333333 0.33333333 0.66666667 0.66666667 1.        ],[0.         0.         0.66666667 0.66666667 1.         1.        ],0.4444444444444444
